,dissimilarity_0,dissimilarity_45,dissimilarity_90,dissimilarity_135,correlation_0,correlation_45,correlation_90,correlation_135,homogeneity_0,homogeneity_45,homogeneity_90,homogeneity_135,contrast_0,contrast_45,contrast_90,contrast_135,ASM_0,ASM_45,ASM_90,ASM_135,energy_0,energy_45,energy_90,energy_135,label
0,4.759616324535555,4.998335059937667,4.543141823533302,5.054227714468779,0.8902236005720052,0.8838561218454156,0.9082617046035019,0.8798499346514356,0.21019063389459086,0.20071344006325909,0.21243968729314025,0.1988833814059329,51.21422287390053,53.56146712051596,42.75135814581179,55.43120714320813,0.001086701793649544,0.001025128306766573,0.001093761326479009,0.001018837406136234,0.03296516030068023,0.032017624939501256,0.033072062628130845,0.03191923254303327,normal
1,4.498794510385839,4.709742180896203,5.124915542508505,5.58056259979358,0.9810304450715142,0.979561248155515,0.9776338232644309,0.9736253256522319,0.21293463171625793,0.20470209156557126,0.17900010790445642,0.16591960477895498,41.36389558605479,43.572708274631914,47.93361058689401,56.29001127078146,0.000647742239656305,0.0006285974936407165,0.0006021967639287336,0.000568996608475496,0.02545078072783436,0.02507184663403788,0.024539697714697578,0.023853649793595444,normal
2,5.966439702778745,6.644969334112432,6.8511262045745305,7.124510806075121,0.9771457724210744,0.9712383806153998,0.9699222379323246,0.9679920694285586,0.167239786518171,0.1535045995561434,0.1480306369544834,0.1419984981841885,65.17312140399763,81.34819655374118,84.92753686288206,90.54732038551803,0.00030704901132624305,0.0002771359671150502,0.00026759825677804156,0.0002574778648534565,0.017522814024186956,0.016647401212052593,0.016358430755364084,0.01604611681539981,normal
3,7.985742767062537,8.661019536019731,8.466426690897451,8.682586644125294,0.7048358972064029,0.6517592218096021,0.6640133431170188,0.6512228764350655,0.12418609310005077,0.11706392913014238,0.12117026767874813,0.11703867116567276,110.45854970326636,130.59168075514532,125.90041005568729,130.7673053442317,0.0006473634201213716,0.000603992847711269,0.00061897842149888,0.0006044845119570834,0.02544333744070089,0.024576265943207668,0.024879276948876147,0.024586266734847796,normal
4,5.496700879765184,5.88008731685623,5.252504751977867,5.586139065659983,0.985109479717624,0.9823899846720776,0.9851442170060993,0.9839242985175431,0.188075665868085,0.18106009803448828,0.20586579148012965,0.1938630261091124,59.703836754643305,70.58811849439715,60.01740756637951,64.42721745350211,0.00047089171531556533,0.00046063772923646973,0.0004945710707501627,0.0004578886519374969,0.02170003952336413,0.021462472579748815,0.022238953904133232,0.02139833292426064,normal
5,6.693828820474928,7.052737860430342,7.1055776892431455,7.425589367897271,0.955341748204719,0.9496059714955708,0.950074594361382,0.9448164583651545,0.16553620850853157,0.15951241156717863,0.15665129014192888,0.15463898168830978,86.81238408753845,96.54935662628156,96.5157265674167,105.74983563445286,0.00040863516495119584,0.0004009802422681649,0.00039024303714851655,0.0003802517769074067,0.020214726437703674,0.020024491061401906,0.01975457003198289,0.019500045561675148,normal
6,4.867929339762667,5.803313139851793,5.491996924582451,5.255917159763511,0.986938652381184,0.9818662328450676,0.9837653924825883,0.9849784865866321,0.2092186823348717,0.17622057237087663,0.18456650972841265,0.19326885004922742,46.2515995919885,63.633124354279516,56.849397730716255,52.70733539964415,0.000492502276394386,0.0004119863125040913,0.0004272766364709177,0.00044969201181273717,0.022192392308950967,0.020297445960122455,0.02067067092454712,0.02120594284187188,normal
7,6.837460606586597,6.895349007009751,5.80771798444211,6.557819801402203,0.9477547345135777,0.9477127676452072,0.9627421728467622,0.9516099058564806,0.14735972769179784,0.14339931745387588,0.1674154662159186,0.15341357876425538,84.1561641657301,84.10597984813464,60.58397190293713,77.8435090537416,0.0003522905133889899,0.0003473236779686419,0.0004098521990622084,0.00036911937011595107,0.01876940365032917,0.018636621957013613,0.020244806718321823,0.019212479541067858,normal
8,8.054304988873106,7.8969193199969325,7.689976934368377,8.661371747911163,0.912325480850802,0.9132029237468041,0.9226564384816398,0.904457604447029,0.1488956791668648,0.1521960395845403,0.1526197744565936,0.1350246710099603,151.969109328644,150.09570771110347,137.39827823211672,165.53319010051297,0.000500672256277122,0.000504570397802739,0.0005067385039704131,0.0004599449411911491,0.022375706833016963,0.02246264449709203,0.022510853026271864,0.02144632698601672,normal
9,6.36454685099854,7.439134298045275,7.652499999999908,7.380934247270965,0.9196633685671087,0.9021389384854521,0.899981340769391,0.903117859196356,0.17091098150730957,0.14302323565799605,0.14002918965050107,0.1443146039240324,92.53634408602278,109.30369383092366,112.56249999999858,108.34602691038508,0.0005436023039115112,0.0004730383621876379,0.00047523242187496825,0.0004841218787061406,0.02331528048108174,0.021749445100683325,0.021799826189099956,0.02200276979623567,normal
10,6.622061965810939,7.931748297825116,7.424466648663545,7.369701295848391,0.8781318968335992,0.8157277827987711,0.8388820819121972,0.8401380749928505,0.2315365824063243,0.2047182848958266,0.22403215316506828,0.20762428735206145,120.58894230767436,160.51674719963742,140.3990278152898,137.80271249724447,0.002701566095495438,0.002514401483390023,0.002759966683704915,0.0024855330312012367,0.05197659180338239,0.05014380802641562,0.05253538506287848,0.04985512041105945,normal
11,13.030144927535218,13.559943865275653,13.361372549019952,14.510124298314825,0.8620391202271203,0.8524815066873164,0.8612525958273634,0.8385339883720173,0.08495552776865978,0.08011255239568181,0.0773946933524049,0.07362564960682998,291.2751690821011,310.7959101844211,290.68117647059034,340.37159182034225,0.0002532287801348583,0.00024066380001654415,0.0002450259515571106,0.00023161039582402974,0.015913163737448888,0.015513342644850728,0.015653304812630164,0.015218751454177499,normal
12,8.63099078340982,8.509615384614598,8.442640186915426,9.21011396011305,0.8657798202331887,0.8743040727480003,0.8832982320025818,0.8508777831905215,0.16342904498704616,0.163483580850507,0.1673962688794098,0.16018780365777022,209.60230414745627,195.55638651470005,189.19766355139396,232.92426400757162,0.0012767644779032759,0.001287332849931798,0.0013088905826928053,0.0012709494911883048,0.03573184123304138,0.03587942098099965,0.03617859287883935,0.03565037855603086,normal
13,7.357668566001099,8.384799118078691,9.423144183803519,10.10142087212049,0.9719280410466578,0.9633562366562329,0.9547558542316,0.9479300136508609,0.20707058502143433,0.1924071602472249,0.19235804733432588,0.17275087509870887,117.68898385563443,146.70768005878182,184.47747693422065,210.08794708474144,0.001860276572655844,0.001855175735371662,0.0019041721020057192,0.0016946021250784046,0.04313092362395969,0.04307175101353162,0.043636820484605876,0.041165545363548925,normal
14,11.574680462567498,11.978004022122505,11.605383663367334,12.08628707893499,0.8535579391449816,0.8471801967908077,0.8556921918586566,0.8501955771958795,0.09499329191978358,0.09060335343116487,0.09224288896045432,0.08810667812625009,259.3981740717926,261.97058823529756,252.88310643566552,258.2006661639053,0.0002620349560224335,0.0002500219754400759,0.0002562363677580991,0.0002510745374067049,0.01618749381536356,0.01581208321000354,0.016007384788218816,0.01584533172283575,normal
15,9.300716845878576,9.126910749506965,9.6455097087385,11.170857988165826,0.9799892087510881,0.9823784762253396,0.9787090472941264,0.9689147354642399,0.14465980698710704,0.1332139863478016,0.14149898135553993,0.1280433001248754,231.5341696535325,203.6848496055256,246.0456310679766,359.74297337278654,0.000482934229176609,0.0004437307551284159,0.00045957441794707406,0.000439128109450941,0.021975764586849054,0.021064917638775993,0.021437686860924947,0.02095538378200077,normal
16,12.433816425119852,11.834001603848435,11.655686274509527,13.997694466719096,0.9217276825109054,0.9251765050733538,0.9280428449203408,0.8976706966110257,0.09315553584056235,0.09072601542984937,0.09322336301127769,0.07727376047034154,280.2353623188172,258.187048917384,251.32333333332878,354.5075180432799,0.0002839086093023966,0.00029798360491799713,0.0003008650519031147,0.0002689996488765835,0.01684958780808589,0.017262201624300335,0.01734546199739617,0.01640120876266696,normal
17,16.17523422090599,15.81815286624356,16.64019072714489,18.626050955415867,0.8756348321175865,0.8825803629716678,0.8642234966245133,0.8365169407964855,0.07233710761389298,0.07259734967052783,0.0699300350990737,0.06184083521546899,512.890347633095,476.52745222934277,557.024405546074,662.8088535032424,0.0001363013776069667,0.00014127550813422405,0.00013879063625782636,0.0001270213801777188,0.011674818097382363,0.01188593741083235,0.011780943776193245,0.01127037622165821,normal
18,7.68608695652129,8.885625501202345,8.2690196078433,8.441659983961005,0.918120301590825,0.8913292799795889,0.9094232135939764,0.9060655981964303,0.13479482939718596,0.1198878010400771,0.1290227158910229,0.12485567171096962,109.07932367149074,145.11136728146562,121.53156862745267,125.36367281474807,0.0004744614810146374,0.00041448715087815134,0.00042297673971550265,0.00043288033220379406,0.02178213674125285,0.020358957509611128,0.020566398316562446,0.02080577641434691,normal
19,6.630011520737165,7.523860398859976,7.229497663551048,7.263710826210402,0.905113663539846,0.8639639222774853,0.8737190951615811,0.872562518045541,0.15577242307286768,0.14299027725490185,0.15029801454517183,0.1523946772971636,81.28404377879899,106.65052231718042,98.42424065420386,100.53733380815855,0.0007053880019749476,0.000651432711246815,0.0006769269559567068,0.0006857565612065341,0.026559141589572274,0.025523179881174973,0.02601781996933461,0.0261869540268916,normal
20,12.787004300046792,14.35473642489217,12.603197674418531,13.538149028934868,0.9099012174939228,0.890200623211786,0.9151618106453359,0.9018685656130501,0.08807019721516783,0.07801453189586471,0.08887140435289576,0.08029794223520142,285.43373148588324,351.45541022594057,275.53129844961256,314.4757233452413,0.00021536534883299314,0.00020286511144639198,0.0002297788594435606,0.00021597282016942208,0.014675331302324767,0.014243072401921995,0.015158458346532493,0.01469601375099459,normal
21,13.566279632315494,14.946359435492097,14.210073181231104,15.265829898836655,0.9187588858935184,0.899465946434533,0.9120824785520633,0.8924047737772055,0.07324930064251971,0.07194300518361722,0.07569858700039048,0.06710655528695135,324.95899854856975,395.20538279001397,365.29290941512994,424.02216810286023,0.00016573148286629853,0.00015801436949858008,0.00015790969250784907,0.00015690693335970369,0.012873674023614957,0.012570376664944455,0.012566212337369168,0.012526249772366176,normal
22,7.153882575757583,7.284687135639481,7.056288857006188,7.795860862806213,0.9155450263278071,0.9120823539304229,0.9203993451876988,0.9026552692894373,0.1360640885137002,0.1391164817942573,0.13693656784400013,0.12260869590483958,86.77566287878835,90.52710843373755,81.54591104734479,99.94500582977307,0.0004869630251377537,0.0004906372005832603,0.000495284955381418,0.0004471029687497637,0.022067238729341597,0.02215033183912287,0.022254998435888913,0.021144809499018043,normal
23,13.589772727272608,14.135202098717969,13.115877570540281,14.455790905558331,0.8166135808214804,0.8020669575869728,0.8278318782494352,0.7926276235682235,0.07213973416051017,0.06947506984347114,0.07808598073458772,0.0717801027974827,297.8138257575782,323.9350466381818,284.0865136298409,339.28779634669525,0.00019456483334768712,0.00018727000765371272,0.00019736151450467515,0.00018442130104109392,0.01394864987544268,0.013684663227632338,0.014048541365731715,0.01358018044950412,normal
24,14.616903409090845,15.919306257288081,15.116212338594194,16.288282160902465,0.758056665427914,0.7143102921872132,0.747455661401692,0.7082040553042683,0.07121974154129751,0.06544001069850196,0.06735146940450976,0.062721877716338,358.47381628788827,417.55902642831813,367.5913916786199,426.37019043919855,0.0001951936804120953,0.00018560727873194403,0.0001908340291943843,0.00018210008898351116,0.013971173193833626,0.013623776228782681,0.01381426904307225,0.01349444659789764,normal
25,11.581724254742893,13.186185133240542,12.404876373625171,12.926542776999295,0.9649908915391072,0.9559790164333685,0.9591427287991443,0.9562866951662156,0.12163754654302007,0.10915447430548447,0.10963643919043797,0.10795280134984843,319.4116700542094,396.17917251054877,365.89783653843125,393.44915848530553,0.0004385426248613891,0.00040635468527788445,0.0003899881883226087,0.00039939308356732087,0.02094140933321798,0.02015824112560132,0.019748118602100018,0.01998482132938198,normal
26,11.430640243902774,11.220371669004814,10.54223901098801,11.375876577840744,0.8869304392892245,0.8949283340507899,0.9059305167561761,0.890481351460547,0.09357644239344674,0.08735882257100952,0.09933230252572262,0.08946160205839503,232.09832317073923,218.99982468444614,204.12259615383206,228.75613604489664,0.00023529561282233097,0.00023651772875610564,0.0002451835515317218,0.00023355559027991957,0.015339348513621136,0.015379132900007909,0.015658338083325504,0.015282525651210913,normal
27,6.947916666666736,7.394460028050593,7.437585851648184,7.355802945301635,0.42846534849207946,0.3619772706455746,0.39288379979440696,0.36562985250082847,0.14549887399525108,0.1415090104842097,0.13677890940162116,0.13967161296432704,97.4526592140927,107.56521739130554,107.83250343406334,107.41207924263826,0.001444145022941638,0.001414011955390708,0.0013920858047128868,0.0013989553786226505,0.03800190814869219,0.03760335032135711,0.037310666098488335,0.03740261192246673,normal
28,6.805479584092021,8.021887550199748,7.590434614127378,7.224145065108023,0.8803127095171609,0.8415574708119251,0.8526296804130191,0.8629472238868172,0.16844104203574822,0.14382912747303025,0.15199230804198632,0.16113853648256554,112.03965108013638,145.6910125349709,136.50056915196984,125.87901910671624,0.0006121021894833577,0.0005289283635031199,0.0005601281335565446,0.0005897803952892543,0.02474069905001388,0.02299844263212446,0.023667026293063196,0.024285394690827123,normal
29,8.568777732957,8.929685080020056,7.631149617469573,8.447186370675736,0.8557814813090572,0.8413623032279419,0.8817570105436814,0.8567074788167875,0.11379562746005559,0.10456679713660287,0.12915153949726818,0.11359201232098999,120.09852763211299,129.3226639132585,98.14439884480592,116.43211151264111,0.00042806249584045625,0.0004221703324307321,0.0004767639486351834,0.00044115636349868927,0.020689671235678355,0.020546783992409424,0.021834924974342904,0.021003722610496676,normal
30,4.952652279144977,5.793856479090772,6.317981456148118,6.409447599379787,0.9481213219518679,0.9220664965012882,0.9082238035614936,0.9071411777482681,0.19289016508296605,0.1695080582428917,0.1576161302889284,0.1517862313549536,43.58748487293359,58.644553433137915,69.15427876576732,70.53190500773543,0.0014170959720386821,0.0013836921360488898,0.001361467414656281,0.0013298030980530933,0.037644335191880894,0.03719801252821029,0.036898067898689234,0.036466465390178594,normal
31,8.392194433239526,8.261848218894094,7.733495465369314,9.194940629838706,0.9266120357758854,0.9263429068531659,0.9371819079422002,0.912034710056959,0.12609608812608006,0.12780768357003794,0.14087232057696789,0.11471541951002054,132.43626462283632,131.14950955083313,116.6283629730915,157.15487867834707,0.0004952286479522618,0.00048561035552252026,0.000491102318331462,0.00045962799799238616,0.022253733348637523,0.022036568596823788,0.02216082846672168,0.02143893649396784,normal
32,4.906080498027495,5.724528595109875,5.581253092018342,5.375994612515576,0.781133318381313,0.7070093533607205,0.7275111971280218,0.7649847142458889,0.20648441317394584,0.17807380622995947,0.18307158275786134,0.18605576667748036,55.56849420611322,74.2081278491521,69.19068993238652,59.52149813510337,0.001430292656938483,0.001233925601074933,0.0012641280148607374,0.0012946533458856773,0.03781921015751761,0.03512727716568611,0.03555457797331783,0.03598129160946946,normal
33,7.814035087719405,7.810624315443965,6.766216945494027,8.145673603505312,0.9582638011277547,0.9573987094251413,0.9676184296381665,0.9529819692966094,0.12132979280781982,0.12211795141509789,0.14548473162074146,0.12156834016518903,100.1970228601799,101.52803943045285,79.28267674042422,112.04764512596229,0.00030869850184882746,0.0003140726802460394,0.00035329736146430145,0.00030306729256967727,0.01756981792304142,0.01772209581979624,0.018796206039100056,0.017408828006780848,normal
34,10.643233082707198,11.403178075142064,10.619974795211498,11.489449305198606,0.8073035465426742,0.7819364305898204,0.8102060060820079,0.7734122674027963,0.09514284765578997,0.08396154386075526,0.09054378629211382,0.08998515035867029,186.6768170426129,209.9322568193575,184.15708884688596,218.00463201235763,0.0003450767426084207,0.0003238238391693265,0.0003390357778564014,0.0003251399775220564,0.018576241347711346,0.017995105978274386,0.01841292420709979,0.01803163823733319,normal
35,5.547773837667421,5.71498470948012,5.014218951973741,5.626197757390399,0.8228971545110307,0.8142665491945246,0.8611093658952698,0.8209269456770533,0.16725269431809567,0.1648293597644356,0.17894625541535025,0.1584563320514104,50.34150906225373,53.254026503567644,40.42696629213489,51.37971457696216,0.0011440078497926935,0.0011128672088748504,0.0011845031792482698,0.001101727937852853,0.033823185092369604,0.03335966439991341,0.03441661196643664,0.033192287324811665,normal
36,6.468672953648992,6.771917737256423,5.898174678429964,6.899285122254309,0.9179893243546268,0.9096287746008962,0.9298063525557717,0.9079874264045544,0.16531189841715974,0.1588206682684618,0.18117218082205694,0.15471957953439783,78.58610186554897,86.45621114794811,67.3616064066617,87.99756527144584,0.0005264309895572005,0.0005055485119626621,0.0005729689315150147,0.000490135038008985,0.022944083977295773,0.022484405973088595,0.023936769446084714,0.02213899360876607,normal
37,3.884985121627178,3.920913762482771,3.767337823826703,4.158449063964708,0.9867971018071388,0.9862338677661977,0.9875063233390727,0.9851029409747251,0.23891527827472628,0.23950534487331904,0.2440346362618973,0.22514329279885625,28.318465794187883,29.480809823273418,26.84171373467425,31.907699362388897,0.0005735246586399394,0.000571795689766032,0.0005914987185736381,0.0005389347135884135,0.023948374864277103,0.02391224978470307,0.02432074666973936,0.02321496744749847,normal
38,3.932081073307031,4.418835474513044,4.449785620052709,4.688795068379605,0.9753491723473965,0.968634579126847,0.969127621033973,0.9665253909229392,0.24378782361826604,0.22158457625756622,0.2153770104801652,0.20513611835287118,28.704650517751773,36.21092001657729,35.797184201846534,38.64749792789073,0.0007766988589133404,0.0006990900140041246,0.0006834871840771725,0.0006471958511784053,0.02786931751789664,0.026440310399163707,0.02614358781952417,0.025440044244820118,normal
39,3.8140101084812557,3.958272896808937,4.436505400725517,4.804682967260661,0.9889303816891586,0.9884997653951036,0.9856068586551882,0.9835320909468009,0.24612774579174437,0.23683974084096057,0.2155785120868585,0.19930478200025137,29.08774038461556,30.146897016162647,37.86556419030266,43.17579776212218,0.0005252392104732278,0.0005014548909811084,0.000452147934294866,0.00041893504450097197,0.02291809788078469,0.022393188495189967,0.02126377046280518,0.02046790278707059,normal
40,3.6891950197238867,3.847394322420227,4.13742476088387,4.514121425611279,0.9921313422760992,0.9912776950389921,0.9901620971197646,0.9884228502177819,0.2580624620222736,0.2509595861887141,0.23411746682174178,0.21945963366405427,25.290814020381326,28.096451512640026,31.6302100511212,37.293472855367,0.0008566822406882628,0.0008147103698985695,0.0007676101142697827,0.0007165687812158088,0.029269134607778597,0.028543131746508993,0.027705777633370673,0.026768802386655417,normal
41,5.678875945101867,6.021363447989971,5.690628092018326,6.182299005387512,0.9541615719757099,0.9469957403895984,0.9532922766611833,0.9464194641725288,0.17901777792766893,0.1737490735966611,0.1822536674980407,0.16585899683161595,58.4780520627875,67.44795897223362,59.844002514840675,68.19237981765447,0.00047541804308713533,0.0004620752857329858,0.00048349232981405137,0.00043746577970995594,0.021804083174651837,0.02149593649350932,0.021988459014083986,0.020915682625961697,normal
42,11.08712121212114,11.780509133307941,10.132376853180123,10.782938204430993,0.9168046864508692,0.9084995513253807,0.9285338445163688,0.9193647878988569,0.10577582998707737,0.0962216667982848,0.12028134710712278,0.11144345089733369,223.65625000000398,248.67226972406638,197.54433285509205,218.91284492810527,0.0002503181226325836,0.00023209288390352263,0.00028594914187812917,0.0002657439683133748,0.015821445023530042,0.015234594970117277,0.01691003080653992,0.016301655385677086,normal
43,10.714488636363653,11.09978624174144,10.95949306551883,11.323746599300778,0.8729601045419854,0.8613215262096281,0.8657519112854849,0.8584107608132865,0.10159498558269078,0.09965102492165669,0.10478521129362643,0.09781306040907886,201.38323863636583,221.49591916051844,219.95777140124198,226.1839292654555,0.00028323675318526906,0.00028652748979697253,0.00028781773175146443,0.00027081594056731906,0.016829639128194906,0.016927122903700218,0.01696519176877952,0.016456486276460083,normal
44,13.019886363636491,13.987320248737921,13.426255380201066,13.677856587641974,0.9118659477632821,0.8995512903028913,0.9068941035126161,0.9014423737161373,0.09191518658408032,0.08247303161007044,0.08847765621579422,0.08564749710534587,345.52575757577074,383.41571123205443,355.92094691534976,376.79464632729145,0.0001603761783316368,0.00015111597928141917,0.0001543484968143797,0.00015342657064326996,0.012663971664988706,0.012292923951665006,0.012423707047994158,0.012386547971217403,normal
45,8.684848484848448,8.544452001554959,8.552749880439894,9.573649436456027,0.8362107935074047,0.8473791954062613,0.8446384032909345,0.7987089420284795,0.11401269588958006,0.11761682671231263,0.11850335973271321,0.10475649602212675,130.2882575757596,121.52365915274505,128.58823529411916,159.81024096386196,0.00043649048187847277,0.0004324688300989796,0.00043364893518966927,0.00040690127522369137,0.02089235462743424,0.02079588493185562,0.020824239126308295,0.020171794050695923,normal
46,8.604687500000027,8.503546443840177,9.36059301769481,11.177467936261701,0.9685859156716207,0.9690747392728614,0.9656567787947445,0.9513126709177258,0.15089061303656476,0.14955276704883488,0.13574634422134293,0.11812234003982168,156.66775568181868,155.21264088612918,171.9986609277822,244.44767780801413,0.0006276611103937143,0.0006055153660037531,0.0006260405038011087,0.0005399726924447807,0.025053165676092,0.024607221826198768,0.025020801422038996,0.023237312504779478,normal
47,10.515009469696892,10.467741935484053,9.605978000956387,10.923970073844078,0.865259060218698,0.8686486455438561,0.8877753266278404,0.8525978495013014,0.10118078893879306,0.097525414936812,0.1086627726385238,0.0966152684531214,190.90061553030733,185.14098328799653,158.85150645624037,208.23411387486044,0.0003405290924156537,0.00034286438030498896,0.00036367058750341594,0.00033198996794573147,0.01845343036987036,0.018516597427848048,0.019070149121163577,0.01822059186595571,normal
48,6.56851325757583,6.805479984454103,6.106599713055977,6.552953750485974,0.8057635782626784,0.7927559377765501,0.8271179929751103,0.799147183561673,0.15213338818299108,0.14575605373635836,0.1622444589676159,0.15144324022638683,78.48082386363683,83.06927710843588,70.66700143472046,80.25097162845145,0.000807617860063737,0.0007818283558868862,0.000845804512564511,0.000807659068001048,0.028418618194130007,0.027961193749317752,0.02908271845210676,0.028419343201436728,normal
49,5.092518939393974,5.573843762145466,5.442563366810118,5.637388262728439,0.8434255994273067,0.81537065226993,0.8244067416112197,0.8128619791380386,0.18233438750770117,0.16713644346306258,0.1727875845652076,0.1679800856939348,45.71941287878841,54.24475320637491,51.43548541367788,54.95676253400815,0.0012710187367281163,0.0011927749361096648,0.001197855307104037,0.0011696572217181347,0.035651349718182006,0.03453657389072727,0.034610046332012284,0.034200251778578106,normal
50,9.558285984848432,10.027739992227637,8.667431850789146,9.351340847260575,0.8264297493186934,0.8083501557792947,0.8631884962646149,0.8301880321615251,0.10843933391593276,0.1011545023677908,0.11398902172279211,0.10765529544167832,153.7545928030375,167.68116012437648,126.2593974175067,147.48085891955512,0.0004675931904270568,0.0004495044260641037,0.0004973250804328734,0.0004779950324221825,0.021623903219054993,0.021201519428194378,0.022300786542919813,0.0218630975029199,normal
51,8.483759469697041,8.614700738438042,8.469153515064788,9.622522347454854,0.9547386800490815,0.9513506678685144,0.9532810591531691,0.9435856175977587,0.1632144038621419,0.17032796655592497,0.17258124608231398,0.15090871952808876,155.9629261363672,167.84138165566253,161.88292682927,194.65448892344423,0.0008747632575758009,0.0008596332127150362,0.0008797467500373749,0.0007255079864611686,0.029576396967443498,0.029319502258991985,0.029660525113985675,0.026935255455650845,normal
52,9.424763257575757,11.626214535562728,11.449736967958149,10.477652545667485,0.9014091961977808,0.8381310500537753,0.8533092666782972,0.8697182092785605,0.10870574377088545,0.09323467155829684,0.09343086069650129,0.10155062113734305,155.51624053031378,239.87767197825636,226.80985174558458,191.9634667703231,0.0005068641851757491,0.00045541543328145816,0.0004474277842618336,0.00048059828295554457,0.022513644422344176,0.021340464692256776,0.021152488843203147,0.02192255192616828,normal
53,7.446164772727313,8.033083948698119,8.056432329029125,9.187621453556302,0.968749084545432,0.9645097230748212,0.9637802188816783,0.9542648677110491,0.16475133221599647,0.1499641348526286,0.15796220234416425,0.14248811501621406,117.85942234848483,135.3829673532876,137.1331420373003,174.4989312087102,0.0008214547373594008,0.000736422521448729,0.0007581283087706382,0.0007122958409620073,0.028661031686933406,0.027137105988825135,0.027534129889477864,0.026688871106924087,normal
54,8.69109848484881,9.229692965410795,9.348541367766867,9.942431014380897,0.8486076430300151,0.8207370133592929,0.8295317190876839,0.8114635240418657,0.13321133029724203,0.12627636051254068,0.12164289061820006,0.11232093993170121,169.086268939404,193.48017877964622,190.4218077474953,204.08496890790454,0.0005159213764062161,0.000514861827486322,0.0005011022850544574,0.0004758390311872333,0.02271390271191228,0.022690566927389057,0.022385314048600197,0.021813734920623596,normal
55,8.2384943181818,9.19821220365374,8.588187470109807,8.767683637777287,0.8829194136341659,0.8497414801566743,0.8740355106513877,0.8642300628929113,0.12121382405526292,0.1092763784542292,0.11696704654908487,0.11110287202726071,118.76690340909137,145.7750680139961,125.6917742706845,131.7434900893936,0.0004318901461346645,0.0004060740410333571,0.0004207986632149273,0.0004202066468298349,0.0207819668495228,0.02015127889324539,0.020513377664707667,0.02049894257833401,normal
56,6.627462121212183,6.751748931208826,6.093208990913438,6.9417022930432495,0.9454194769896029,0.9427962400669102,0.9540115332554725,0.9403777534088946,0.15111881626392426,0.14773696775799666,0.15943384316694084,0.14261106628831216,76.25075757575746,78.73484259619333,64.65829746532793,82.12708900116844,0.0004509539643595202,0.0004465589531124775,0.00048638342320633506,0.0004332972443665826,0.02123567668711125,0.02113194153674663,0.022054102185451466,0.020815793147669934,normal
57,7.125662878787795,7.254080839487141,6.3444285031084435,7.644724057520576,0.9779190601588996,0.9775240131307185,0.9830804356498397,0.9747348989784516,0.2399614024044049,0.2348711092489049,0.2541124545310647,0.2379283474810483,144.7775568181809,148.17907112320432,109.9744619799107,166.57622425184888,0.0032927340252668674,0.003380231131640272,0.003462800080781641,0.003356605984007873,0.05738234942268282,0.05813975517354947,0.058845561266603966,0.057936223418582206,normal
58,5.456581439393957,6.344345122425359,5.350310856049717,5.299018655266343,0.971184748068627,0.9630356130707022,0.9731926764404734,0.9717985812401134,0.1823884286268506,0.14831315793927502,0.1776094790296961,0.1864709114660963,53.35222537878827,67.39564710454921,49.659923481588024,51.43047998445566,0.0006340919403552923,0.0005652652893081695,0.0006182756780728482,0.0006291947971921493,0.025181182266829576,0.02377530839564798,0.024865149870307402,0.025083755643686003,normal
59,11.757528409090925,12.224251846094443,11.527977044476275,11.840361445783497,0.5767445588383204,0.5488308484710007,0.5969675269821983,0.5733131984759474,0.09344329556331121,0.08675077293885937,0.09176898912918248,0.09024201700333202,244.74701704545907,261.7424212981033,234.38364418938488,248.01593470657528,0.00042036688798499254,0.0004062510526289916,0.0004242145003946519,0.0004170782618960848,0.02050285072825222,0.02015567048324098,0.02059646815341533,0.020422494017530886,normal
60,6.115814393939515,6.5147201710067435,5.946771879483581,6.157598134473506,0.7918538216764105,0.7725680818472502,0.8081998149537221,0.7933850131037173,0.16826801654545334,0.15436749466528493,0.16415794120071997,0.16394039418962783,72.41496212121291,78.66532258064693,66.21611669057968,71.47298872911198,0.0009587227477187073,0.000894321585075347,0.0009604860712292094,0.0009434741649546902,0.030963248339260327,0.029905209998850484,0.030991709717748863,0.0307160245629979,normal
61,7.100852272727296,7.665905557715074,6.860593017695031,6.17975126311722,0.7893284379598949,0.7425440860453795,0.7925182551571821,0.855937227099126,0.15442198819579614,0.14867662713179997,0.16331143082064975,0.15964704166178867,113.43721590909311,133.32836183444027,110.86939263510483,74.51146521570381,0.0008640885506342515,0.0008438626596201708,0.0009245037087049485,0.0009084069877796817,0.029395383151683045,0.02904931427108342,0.030405652578179416,0.030139790771995776,normal
62,4.1265151515151794,4.95574232413531,4.1872309899569515,4.050378935095247,0.9763501659794199,0.9652022390892473,0.9762273329469674,0.9755368440142667,0.201971012541126,0.17598986159157975,0.19910447172410387,0.22688024841455878,26.433712121212153,38.27152157015227,26.958440937350527,26.878692188107838,0.0008569705847538038,0.0007541661637964267,0.0008227364618147827,0.0008676211559879007,0.029274059929463216,0.02746208593309013,0.02868338302597486,0.02945540962179784,normal
63,5.712263257575702,6.668966187330274,6.359732185557289,6.164253789351184,0.9312272304891405,0.9008105950892935,0.9107948173585637,0.9153225937014848,0.16566161503351678,0.14605039025686717,0.1516695594276605,0.1559473738195471,54.926467803032025,74.33375437233124,67.61951219512311,63.00228332685816,0.0008151875645661923,0.0007695295902213577,0.0007874459578421733,0.0007913527598100462,0.028551489708353087,0.027740396360206494,0.028061467492669967,0.028130992869254478,normal
64,8.296448863636408,9.832588418189355,10.78397895743691,10.670812281384267,0.9643613292950574,0.9539022471542218,0.9396412138303515,0.9392450164127346,0.1294922533003591,0.10570223734361488,0.10625121665626741,0.10791555379299099,135.6308238636399,173.64982510688563,229.33739837398318,228.9910610182774,0.0002485324659951961,0.00020474931268523445,0.0001966204825353314,0.00020085741773561252,0.015764912495640312,0.01430906400451247,0.014022142580052858,0.014172417497929296,normal
65,7.390151515151554,7.202050136028231,7.879483500717579,8.785561601244078,0.9268071944766743,0.9274990844504176,0.9180795079724436,0.8970474309735522,0.13117020712996955,0.1366878864933753,0.12143232115163126,0.10781247849739348,91.20956439394071,87.8516809172198,102.42372070779642,125.50563544501088,0.00044410278208221413,0.0004455901096456485,0.00041785054528746784,0.00039221049286227404,0.021073746275454067,0.021109005415832563,0.02044139293902125,0.01980430490732442,normal
66,7.9234375000001025,8.874951418577739,7.673696795791534,7.734794014768899,0.9166815490973031,0.897113536967869,0.9207737150196973,0.9191883667729573,0.1520013945407036,0.14342368035148842,0.1608459730621418,0.15783397865111926,123.6835700757584,152.77108433735344,118.12266857962706,119.79445200155837,0.0007181993945133353,0.0006845368825326062,0.0007592512924032226,0.0007218249651943638,0.026799242424242805,0.026163655756270113,0.02755451491867027,0.02686680042718827,normal
67,16.776846590909614,17.642149242131797,17.74194165471126,18.21881072678009,0.6898324168889607,0.6538568345941367,0.6565660149963085,0.6400029680416486,0.07465147252909338,0.06885449471541595,0.06693393408233739,0.06367364039220652,562.0578125000343,607.0529537505571,608.332472501217,630.709094442356,0.0001830393333190335,0.00017952634038283642,0.00017649597544168848,0.00017244823671154946,0.013529202981662797,0.013398743985271024,0.013285178788472832,0.013131954793995808,normal
68,9.40317234848503,10.118684415080223,9.360306073649024,9.743490089390257,0.8665252256305813,0.8540072595163316,0.880725575386366,0.8577210167047491,0.1074678007192335,0.10208518531570034,0.10980238565175633,0.10882266351563176,163.9526041666734,182.28269529732574,156.08302247728471,176.86785853090495,0.00035600814609163493,0.00032426282175709555,0.00033851552542026503,0.00034449288698497116,0.0188681781338749,0.018007299124441056,0.018398791411945108,0.01856051957745179,normal
69,15.945691287878867,17.070685969686753,15.004591104734828,16.028760202100145,0.8395861005214539,0.81937717109939,0.8629882864491982,0.8338342949320036,0.06447521498393353,0.061538698737916606,0.07266767373239931,0.06663499462417885,431.52353219698506,487.1474446172422,386.7834528933491,447.1963661096564,0.00014777569731407812,0.00014104165933448938,0.0001526743134762071,0.00014796517287890746,0.012156302781441326,0.011876096131915124,0.012356144765913318,0.012164093590519084,normal
70,8.448816287878863,8.593956471045933,7.345528455284512,8.09696851923852,0.965991877023833,0.9651567740385835,0.9738091502812055,0.9674593061935092,0.13774562477219288,0.1351700742688547,0.1686715162990609,0.15485918845085592,126.83167613636545,130.73571706180198,99.77164036346177,122.05334240186968,0.00037771065592002073,0.0003747252874442095,0.00046983942706336986,0.00042554059624532256,0.01943477954390069,0.019357822383837743,0.02167577973368824,0.020628635346171657,normal
71,8.425946969696904,8.61008550330392,8.158440937350715,9.01005635445055,0.9309203519334729,0.9283921008004075,0.938110265073895,0.9217596822323334,0.11729954413030817,0.11123899268321488,0.11653625053304861,0.10779668145884673,119.05975378787839,122.08540614069723,109.02998565279947,133.7643315196327,0.00032848908115245575,0.00032271692048844487,0.00033242831373372954,0.0003148257435544945,0.018124267741138005,0.017964323546642243,0.018232616754973202,0.017743329550974768,normal
72,7.334280303030326,7.499562767197941,7.366523194643768,7.867809949475408,0.8642405494905886,0.8587108948306681,0.8642507527180185,0.847420681908006,0.1350356694054321,0.13213288607841045,0.13070480419196126,0.12367793776202181,92.13522727272712,95.67474737660491,92.14088952654221,103.31155266226413,0.0005710760839933507,0.0005636049205409787,0.0005665132227320327,0.0005336757999489341,0.023897198245680408,0.02374036479376378,0.02380153824297986,0.023101424197415493,normal
73,9.996022727272473,10.928002331908832,10.130368244858959,10.379032258065086,0.7968026993988496,0.7675221590931709,0.795105940836463,0.7775523130331226,0.11116934668312403,0.09352616543111747,0.10358188747148192,0.10164789793268171,188.08929924243017,209.95054411194002,186.38909612625608,201.97522347455143,0.0005195666716885422,0.0004825961538317079,0.0005029811670384576,0.0005082073715672671,0.022794005169968313,0.02196807123603954,0.022427241627950095,0.02254345518254172,normal
74,8.572774621212224,9.411533229693338,8.433189861310366,9.380781189273643,0.9423381242286054,0.9346191106043981,0.9502251088215431,0.9369003444549949,0.12382101117539351,0.11867271341422984,0.1435437131326366,0.11553640436279826,140.4908617424275,162.44194520016256,127.63433763749387,156.76496307812508,0.00029036929127929003,0.00027252705265858404,0.0003429731529149303,0.0002658265737246834,0.01704022568158327,0.016508393400285325,0.018519534360100155,0.016304188839825286,normal
75,8.957623106060396,8.921346677031162,8.023433763749384,9.162359113875237,0.9368982093813983,0.9361607751198009,0.9480380334883949,0.9344316385103353,0.1098979180212783,0.11118707315963673,0.12365801493581206,0.10557408243472867,130.96216856060684,132.92144383988045,110.93084648493661,136.80868635834213,0.00026520644118745954,0.0002654678302241786,0.0002901300259521369,0.00026183083197227916,0.01628516015234298,0.0162931835509264,0.01703320363149977,0.016181187594619846,normal
76,6.1837121212123245,9.447386319472422,9.156480153037386,7.433977846872138,0.9866367516063916,0.9717832794494021,0.9723396738906989,0.9799093232945507,0.2017143968882268,0.12630075384321468,0.13414271776026787,0.1711857725965423,87.44630681818597,180.7726875243119,176.89813486371003,128.64686164012343,0.0006367485669910297,0.0004819010882995428,0.00047751734163476003,0.0005371121850592365,0.025233877367361317,0.021952245632270582,0.021852170181351785,0.023175680897424274,normal
77,10.15748106060594,10.823309366498558,10.393256814920987,11.683589195492125,0.8872274917623003,0.8650844733722065,0.8742227472212496,0.8473084256381076,0.10131088636234749,0.0999763773666083,0.10010773840566664,0.08658491544001029,175.35511363636564,208.76656626506616,193.5205643232916,236.4144481150495,0.00026397789148589187,0.0002572875343506585,0.00027015532624733964,0.00023980586916452946,0.016247396452536384,0.016040184984926403,0.01643640247278399,0.015485666571527668,normal
78,5.079308712121221,5.545326467159049,5.166810138689597,5.549261562378651,0.9061634664614698,0.8886658870726033,0.9039782898877262,0.8872633355811276,0.18760603334792914,0.1679837300372482,0.17970555386975254,0.17049094198040374,44.82372159090953,51.31087252234833,44.17666188426574,51.94189661873399,0.0010374586597509505,0.0009757728807737896,0.0010383516064040844,0.0009766768199888894,0.032209605085299485,0.03123736353749768,0.032223463600365564,0.03125182906629449,normal
79,8.734753787878716,9.865672366887189,9.042037302725886,9.121550719005246,0.8720351809036185,0.8378934421803632,0.8657881654671592,0.8582098051928269,0.12158379060494863,0.10611544110191232,0.11438066662103806,0.11965729069195835,131.83503787878794,165.27851729499008,139.51979913916432,144.64506412748003,0.000407366231562798,0.0003704899899990121,0.00038894114993981655,0.00039974764660489473,0.02018331567316921,0.019248116531209284,0.019721590958637604,0.01999369016977343,normal
80,12.80113636363638,14.00432374660027,12.687326637972545,13.209968907890367,0.8810968295049075,0.8562836696446704,0.8810031696541024,0.8719332331833687,0.0828177412945326,0.07591706617426787,0.08517130388262376,0.08462633287162609,286.86751893940266,345.2933832102828,288.6622668579613,307.2657403808939,0.00020043967731291464,0.00018846188573108465,0.0002057347183312452,0.00019867309464532127,0.014157672030136686,0.01372814210776843,0.01434345559240329,0.014095144364117781,normal
81,7.182054924242529,7.57554411193193,7.511621233859575,7.942431014380458,0.7213972979659838,0.6898193889566561,0.6911460927724671,0.6431351452409677,0.15505284607040312,0.14365960858649313,0.14543435029275179,0.13922878761867152,114.28319128788121,119.06961717839589,119.12367288378998,136.23353089779027,0.0010150241764233859,0.0009844393684966509,0.0009963540769681435,0.0009482936006655574,0.03185944406959083,0.03137577677917554,0.031565076856680446,0.030794376120739278,normal
82,11.098579545454662,10.104304314030601,11.576279292204926,12.000388651380089,0.45253715460827676,0.6083406263162789,0.4125308464594551,0.3763856239718527,0.11260666683708298,0.10806344271182912,0.10095281793084816,0.10228067945858003,273.0573863636437,195.02006412748338,290.47393591583386,310.05839486981415,0.0005898989002238739,0.0005962812610974882,0.0005668357088668538,0.0005562908014088606,0.02428783440786506,0.024418871003743972,0.023808311760115497,0.023585817802418058,normal
83,10.45672348484824,12.315439176059716,11.719942611190884,11.625000000000544,0.834216659967913,0.7741576140859576,0.7978764284618264,0.7940756633712535,0.09704925484406501,0.08139320803053375,0.08542494880965158,0.08717635424928759,186.7928977272785,252.36489506413812,230.2226685796285,230.66532258065368,0.00031567337974922516,0.0002760153611701648,0.0002850571589520501,0.00029125015916887275,0.017767199547177523,0.016613710036297274,0.016883635833316535,0.017066052829194944,normal
84,13.259422348485119,14.764380101050957,14.232711621234547,14.805042751653357,0.9057055648873706,0.8872460435403683,0.8973096786133895,0.8854345556791134,0.0907509262982692,0.08315463902126477,0.08279438341606804,0.07698238246979523,356.4352746212337,418.166148464888,389.38584409373834,424.37626311705026,0.0001978648792614199,0.00018398585251584715,0.00018897001359247938,0.00018126813448400924,0.014066445153677595,0.013564138473041594,0.013746636446508628,0.013463585498819,normal
85,9.816287878787904,11.67392149242221,11.163605930177164,11.838078118928191,0.9618215397333718,0.947164564555086,0.95160123204228,0.9461684758800397,0.1522308342443084,0.1222337995103384,0.1288715722378655,0.1260691775447555,197.74450757576318,272.46706179558447,250.06202773792714,277.63423047028414,0.0005722642798726122,0.0004523436920582754,0.0004480830486421384,0.00042145044830859687,0.023922045896465717,0.02126837304681003,0.021167972237371685,0.020529258347748387,normal
86,11.164015151515404,11.636513797124795,9.8913916786228,10.386465215702136,0.7459518390981317,0.7162810859338886,0.8042760868029508,0.7846885764099797,0.09892596372290241,0.09766615954600016,0.1128476591484254,0.10640460041489741,235.09933712122177,262.2445588806992,184.54036346246139,197.75286630393347,0.00035484348994208146,0.0003515214274094871,0.0003955052294214537,0.00037175385279196357,0.01883728987784818,0.018748904698928072,0.01988731327810405,0.019280919396957284,normal
87,7.3247632575758095,7.928342401865704,7.451984696317572,7.759570540225573,0.8251093733834406,0.8001055814671176,0.8240257898326436,0.8067770732539171,0.1363416071599397,0.12278176862141299,0.1283417359091782,0.13017532973631632,92.57959280303078,107.26899533618634,94.44691535150675,103.69806645938817,0.0006848794676165339,0.0006388419291549219,0.0006748845739786697,0.0006553417700238534,0.026170201902479352,0.025275322533153198,0.025978540643744205,0.025599643943302285,normal
88,10.099053030303036,10.382044306257631,9.665375418460012,10.43844733773839,0.7721432610852857,0.7629248593363939,0.7942185691970891,0.7577011293173642,0.10555545770979047,0.1008833532665651,0.1107141798808984,0.10467384897897346,182.6970643939423,189.2697240575258,165.2610712577717,192.96652739992797,0.0003874135083075264,0.00037731083681795977,0.00040385556189092805,0.00037530588547792865,0.019682822671241197,0.01942449064500688,0.020096157888783817,0.019372813050198175,normal
89,13.594176136363705,13.932520404197904,13.180822572931525,14.508307423241849,0.759068962206957,0.747536474546,0.7702826991016478,0.723022724178654,0.07259594129373648,0.07184377847201014,0.07780227331187183,0.06902846485550661,301.08574810606405,314.2157500971739,288.4014825442325,344.5353186941448,0.00023133613299185823,0.00022794963248806872,0.0002376139593955686,0.0002210213986344331,0.015209738097411744,0.015098000943438463,0.015414731895027192,0.014866788443858112,normal
90,12.09138257575778,12.574815390595662,11.653180296508966,13.227020987175433,0.9365116292312125,0.9317048401912476,0.9428283769259556,0.9276072940279393,0.1454357169233222,0.1292198946909186,0.1309829460709261,0.12514232018462995,333.01193181818894,351.6414691022396,290.4168340506863,372.77744850371306,0.0004536677589101565,0.0004026848590153787,0.0004310072934470801,0.0004088448625438975,0.021299477902290385,0.02006700921949703,0.02076071514777562,0.020219912525624276,normal
91,8.392992424242484,8.399727944034503,7.81410808225736,9.505198212204057,0.9599702041056956,0.9602950324240429,0.9652476020732907,0.9505850062952457,0.17138720377294658,0.17206840641819343,0.18534295672511364,0.15741883319601352,145.98162878787937,146.11426350564008,127.68689622190358,181.78706762534523,0.0013738268247102097,0.0013624523513107206,0.0014585235944350817,0.001318257276186819,0.03706516996737246,0.036911412209650295,0.038190621812626745,0.03630781288079494,normal
92,13.22793560606106,16.16886902448644,16.715877570540783,15.134036144579563,0.8932042423391621,0.8431402634723232,0.8313606253866012,0.8606420265990102,0.09136027868984972,0.07449667319652539,0.07341167623898386,0.08104922498414201,334.97178030304195,486.7663233580101,524.5217120994747,432.3965701516256,0.00017831008953170856,0.00015492998912897246,0.0001502064940474097,0.0001616328282174854,0.01335328010384372,0.012447087576175098,0.012255875898825416,0.012713490009335965,normal
93,11.317992424242453,11.409006995725838,10.639646102343287,11.967207539837696,0.8563882592424773,0.8586444514956394,0.8727025464166768,0.8428494154970492,0.10484415436328698,0.10315595191233176,0.12166683546157123,0.09917631860682267,284.3448863636486,281.230227361086,270.5149210903924,312.7817236689066,0.00034309604389066756,0.0003323262899775207,0.0003530411243010371,0.00032250922688291904,0.018522851937287293,0.018229818703912572,0.018789388609027093,0.017958541891894202,normal
94,12.099100378788755,12.692333851537105,10.466666666667075,11.58462883793413,0.9541766298150188,0.9496951627993181,0.9662920921413876,0.9587867898984408,0.10761574521445859,0.10315441698780078,0.12669878135512022,0.10885037793820046,326.5782670454869,356.7938690245414,243.0622668579754,292.36144578317516,0.0003289811735968794,0.000331549799111305,0.00038394947625745206,0.0003342226742055802,0.018137838173191406,0.018208508975512107,0.019594628760388703,0.018281757962668146,normal
95,6.47168560606065,6.665905557714829,6.542228598756591,7.159881461329279,0.7499861161328076,0.7334332673053706,0.7417793484394704,0.6948749449344463,0.146390658597803,0.1424315561550824,0.14567359944628522,0.13132071190776273,68.42471590909133,72.06563350174993,70.61329507412695,82.76394286824849,0.0010251910977674681,0.001006410047748388,0.001009943093776476,0.0009435850922212831,0.032018605493797946,0.03172396645674037,0.03177960185050272,0.030717830200411016,normal
96,8.07518939393952,9.502186164011095,9.345384983261535,9.784930042751842,0.9290750895861051,0.9047215810341969,0.9117276103809047,0.9048055510738015,0.14851055363650792,0.12489979054926034,0.11751644463209322,0.11283351568611481,129.95132575757634,173.42037504858533,161.46322333811193,173.17416439953726,0.0004630724413883283,0.00038237100829885423,0.0003782053349270124,0.00035811097907673887,0.021519118043923834,0.019554309200246738,0.0194475020228052,0.01892382041440731,normal
97,10.384659090909398,10.858773804897767,11.737207077953236,13.263408472601116,0.9585023317447338,0.9543632047878541,0.949249003665217,0.9365616809665477,0.11076958996011912,0.11979037802598345,0.10348438448496228,0.0856219021499069,193.1653409090995,210.7389720171109,239.30822572931618,293.1261173727357,0.0002404392827422161,0.0002503191778686865,0.00022695247629328814,0.00019756500205657515,0.015506104692740086,0.0158214783717795,0.015064941961165604,0.014055781801684855,normal
98,10.328314393939502,8.168043140303663,8.619225251076328,11.933103381268085,0.9623652234518165,0.9744363024288399,0.9722609461477316,0.9515009456892713,0.10776228684247996,0.13744906048562197,0.13420589805976066,0.08697868767044523,185.64251893940116,127.0191896618805,140.82582496413207,241.20496502139645,0.00019728199071685466,0.00024280090536289242,0.00023571220605448577,0.00017903306806961623,0.014045710758692657,0.015582069996085001,0.01535292174325414,0.013380323914973668,normal
99,12.868276515151257,14.092547609794929,13.949736967958053,14.669792071512859,0.783673986699797,0.7350353153764895,0.749808937968216,0.7176170602525012,0.08573208560305283,0.07883654088342336,0.07653602208694847,0.07435599452250549,297.7436553030361,348.4889720171216,333.8498804399762,371.36470073846397,0.00028071800210918864,0.0002685301308288988,0.00026378679686873865,0.00025876853136759667,0.016754641210995496,0.016386888991779338,0.016241514611289757,0.01608628395147856,normal
100,12.530228120392499,12.124496539318324,10.610683162153567,12.555468658350035,0.4012246702629676,0.42656497380421265,0.5304590267433038,0.38960567810136093,0.09974624617546435,0.10243092014552468,0.12340042453222752,0.09889313447956691,303.10716936036806,287.2946173698706,234.17429193899267,305.82344660382796,0.000493151570038772,0.0005142269974208653,0.0005990919690013212,0.0005011763451721095,0.022207016234487065,0.02267657375841565,0.024476355304687853,0.02238696819964931,melanoma
101,5.75190100326724,8.429124467211262,8.997004357298643,8.820973292143776,0.8876200917417848,0.7639292176751831,0.7360650199598273,0.7469084359367667,0.18239335017706967,0.12853571710169692,0.12116192345286764,0.12176551607656741,65.8905272693994,134.2946858014285,149.30794817927242,144.06429632815465,0.0007405959413699243,0.0005247434965081111,0.000493852130388572,0.0005001052565458782,0.02721389243327614,0.022907280425840844,0.022222784037752158,0.022363033259061218,melanoma
102,19.13959001937304,18.88852500684157,17.318539915965832,17.904801939543976,0.35499399576069346,0.3584105022204124,0.44705341936404946,0.40896066007924264,0.06329470965312248,0.06512486276806605,0.07359159243372268,0.07021801832032493,678.0631933000442,667.1682731786937,573.7925906473555,614.4039807609087,0.00024995213972394065,0.0002573525165693709,0.00028004381180872626,0.0002708193236629078,0.01580987475358172,0.016042210463940776,0.016734509607655858,0.016456589065262213,melanoma
103,20.327733927005923,19.400461424157918,19.171092047929548,19.32562663746877,0.08425791469619899,0.1548804554962357,0.1537073912254082,0.14553317846232705,0.056907098913271774,0.05941325508884028,0.064221753265526,0.06263479605446307,700.8241246711377,645.176866226082,645.6684270930398,652.4109118992536,0.0002899154694485814,0.00029837533041556885,0.0003060191336277485,0.00030473424716492885,0.01702690428259293,0.017273544234336184,0.017493402574334946,0.017456639056958496,melanoma
104,19.099016007942527,15.229666054040214,18.87888071895367,17.33449341101821,0.1741556443909083,0.46347104883529605,0.1848966222900419,0.318161983999511,0.06474825424848608,0.07839513199001934,0.06523815614490244,0.06845390037665833,672.4057112017401,435.2989383333704,659.2197615156945,553.2237320611227,0.0003100902824941564,0.0003620180165021545,0.00031350475731014297,0.00032898290044100004,0.01760938052556524,0.019026771047714705,0.01770606555139066,0.01813788577649005,melanoma
105,27.760786808147653,27.232628162513613,26.980460239649886,27.659367301449,0.09915874179112351,0.12201553723028108,0.12903161572197389,0.09587236067244434,0.04295735062630675,0.044827969344791906,0.04482099692319787,0.04415531103649521,1288.3216719192033,1251.8659523715917,1238.569570883831,1289.213252258166,0.00015452031133156297,0.00015779660873134027,0.00015986924037646744,0.0001563583443297652,0.01243061990938356,0.01256171201434503,0.012643940856254724,0.012504333022187357,melanoma
106,22.739728799839924,24.3005611386985,25.27184484905005,25.044363195555203,0.3223726954884559,0.24044318254063207,0.1985700484108958,0.20878394682094772,0.05687308244411029,0.05290899012910613,0.04838164435572695,0.049206810890748943,946.7704918033631,1055.7918410040993,1114.4630407718278,1100.0103624915946,0.00016863926240470625,0.00016159834021041956,0.00015528141479297582,0.00015616620302411093,0.012986118065253613,0.012712133582149754,0.012461196362828724,0.012496647671440167,melanoma
107,19.40467998573766,20.01491807765888,20.584383753500898,19.909601923902862,0.18644352586665586,0.13526063999289864,0.09731275695470794,0.15009662985807726,0.06369794205714423,0.06068704197750439,0.058128715244120915,0.060224440051264774,675.6273648095555,714.9785711492245,745.5569950202117,702.6274097680773,0.00029018640633268343,0.00028627143163330575,0.00027891677996235364,0.00028451348920766084,0.01703485856509186,0.01691955766659713,0.016700801776033197,0.016867527655458604,melanoma
108,23.72007787126337,24.85291127360755,26.231695455958924,25.77765612168969,0.2660069959847956,0.20037812559715115,0.13021205990325907,0.15345202767705152,0.05149442007941426,0.047924015771567095,0.0434124969922251,0.0458535661479326,960.9510027853113,1041.9173737926317,1130.945689386799,1102.7900520079388,0.00016152802835643366,0.00015691073266433715,0.00015115550766722267,0.0001528448009169278,0.012709367740231363,0.01252640142516346,0.012294531616422915,0.012363041734012217,melanoma
109,23.847784813177714,25.82325108512777,26.704938920011344,26.546201071441168,0.2252158261599254,0.11662264402738672,0.06843950563649225,0.07825184206939449,0.05109538752491705,0.04534087701899157,0.04220833621589367,0.04398383975566535,967.6617611627278,1101.0472177687102,1158.5011379551308,1148.8657373010126,0.00017412589685086302,0.00016464182790985497,0.00016142678438778657,0.0001614893916461725,0.013195677203192832,0.012831283174720093,0.01270538407084912,0.01270784764018567,melanoma
110,21.009126743190144,20.860859109214886,20.94753734827211,20.42069761075965,0.22116870485014206,0.2371372369391662,0.21805754608630618,0.24880021642926878,0.06365578993503454,0.06328228225529677,0.06413906155755643,0.0660243135572713,837.8187758406959,816.8925722441,837.7013499844185,804.5092284831138,0.0002507371322079277,0.0002516636812746475,0.000253744257854991,0.0002598863352396854,0.015834681310589353,0.015863911285513656,0.01592935208522277,0.016120990516704778,melanoma
111,20.444376981718857,21.735873773118666,22.175789760348124,20.185381065966517,0.19033926773513962,0.11308195735137463,0.07718535775042555,0.2027437321918995,0.061560939733012784,0.05472560835332346,0.054547464730716505,0.06244039747658914,771.4309133489966,842.6970828607845,876.4789332399445,757.6433836467681,0.0002624942325588271,0.0002506417628557059,0.00024781192130685374,0.000265024598009244,0.016201673757943257,0.01583166961680624,0.01574204311094509,0.016279576100416252,melanoma
112,21.373184529834276,24.22012474093665,25.171004512915275,24.344738591482017,0.2661013896105014,0.10777637265623925,0.04780653020893227,0.0989847966558604,0.06277724986921657,0.051330590069830775,0.04851897090085591,0.05108380655480544,845.6085523463113,1027.9595374026899,1096.5814270152061,1037.8510147420827,0.00023631589656525622,0.00021109233498773483,0.00020622398264859447,0.0002097462945901192,0.015372569614910066,0.014529017000049757,0.014360500779868175,0.014482620432439676,melanoma
113,19.422403407832455,21.58041684589119,22.95476384998407,22.920570523597988,0.2501806264104783,0.1140584661881792,0.020037917895655278,0.026427955528803608,0.0668298004250039,0.0562940719722477,0.05177981980009797,0.051275506716139764,693.4658108538273,819.2272318460529,906.4017565359206,900.1932800218608,0.0003196005200770199,0.0002892975735744752,0.00027843750290597796,0.00027799955967652487,0.01787737452975184,0.017008749912162127,0.01668644668304124,0.016673318796104297,melanoma
114,18.489307157796276,19.001173112265715,19.79676314970379,19.25801626715562,0.16533553682078056,0.11387068059515656,0.05729428747068708,0.09917595996803996,0.0661385825018964,0.06451231665157234,0.06122927490062563,0.06341952692454404,615.6111159299123,653.7032808039419,697.4503773731511,664.4787177882566,0.000374131839053129,0.00036904744476629227,0.0003565553116216836,0.0003619716655778976,0.01934248792304467,0.019210607610544033,0.018882672258493594,0.019025552963787874,melanoma
115,15.618315166585903,17.144380792240277,16.68607998755089,16.096185429944274,0.4704457759797254,0.37082176696771507,0.39224541207564034,0.4215551468635625,0.07918679633639572,0.06981649335188474,0.07183414176450557,0.0770223497660595,477.7915401740838,560.3950944355001,539.3950552443174,515.3520216634387,0.00028442205461420427,0.0002637512855567209,0.0002723514457979568,0.000283261010778821,0.016864817064356323,0.016240421347881367,0.01650307382877374,0.016830359793504744,melanoma
116,18.412630949973376,19.781830446171952,19.453693977591218,18.504115668867748,0.4163937533731205,0.33159500032559486,0.3436709261349258,0.3919185290034359,0.0649945980601656,0.06001726598986862,0.06180817695991951,0.06679320647267413,637.8606123688726,723.159885425982,706.8654586834724,657.8759531536621,0.000221809534541303,0.0002115760092716822,0.00021573285269082753,0.0002263529706348721,0.014893271451944431,0.014545652590093104,0.014687847108777635,0.015045031426848935,melanoma
117,12.467950385983798,12.387909122902464,12.75138110799854,12.546885386930887,0.5555847911850442,0.5557687159679193,0.5327594885592444,0.5481974142269812,0.0954564498846663,0.09615676812538067,0.09267186037350761,0.09351549968753581,304.2626131205532,301.7590818441197,316.5630252100787,306.9231415946373,0.0003818338956998427,0.000385475359153663,0.0003765177946178087,0.0003819270764398442,0.01954057050599707,0.019633526406472757,0.019404066445408003,0.01954295464969011,melanoma
118,16.403600582108037,17.327073475930387,17.73263888888918,16.628289602313714,0.4319076809193299,0.39720882251261247,0.35826013210948493,0.41576541344270657,0.07311022167253954,0.06516568461754928,0.06438808685487267,0.07048802073101255,515.7406732780446,541.5114476204984,575.0420265328362,524.7984299847138,0.0002605269911447686,0.0002465171517938598,0.0002443761012484012,0.00025936572356970026,0.016140848526170135,0.01570086468299946,0.01563253342386963,0.016104835409581193,melanoma
119,14.897495205328296,15.249423219801335,15.106442577030492,14.488474171977476,0.21696008438895917,0.188843217044135,0.19028016967026953,0.2503301779355383,0.07726140584368862,0.0738826694350568,0.07774710765206662,0.08017648225360502,403.6633706306047,416.6206350447555,415.40532601929004,385.0226899464081,0.0004491491723192398,0.00043931898200556303,0.00044857664834266423,0.0004590026426548067,0.021193139746607623,0.02095993754774959,0.021179628144579504,0.021424346959821358,melanoma
120,20.977361436379834,22.6821647831675,23.04564464674697,22.15552535877467,0.31092708513240724,0.2243713773588337,0.20421072579293448,0.24919795526121472,0.06189413141911801,0.053922917382202507,0.051823109026557526,0.056832332383917696,843.5880147647802,943.4645329057327,967.3141048085662,913.5753235833919,0.00021114751333448344,0.0001956755397318105,0.0001935166843910111,0.00020086674768083788,0.01453091577755798,0.013988407333639184,0.013911027438367415,0.01417274665267244,melanoma
121,16.03211225797868,17.578461658779272,17.5607979302829,16.356870527508022,0.48633080821781377,0.39685550154535876,0.39336321555539233,0.4588121422048625,0.07917866415286509,0.06742224241755082,0.06947048979478734,0.07569127646749514,508.81853490235636,589.2970124740457,592.0583858543343,528.8876451726029,0.0002598027899500008,0.00023893175136080187,0.00024087335362310214,0.00025863481250000894,0.016118399112504966,0.015457417357398417,0.015520095155091741,0.016082127113662824,melanoma
122,26.427000510790947,24.967426582722346,26.223661686896317,21.21085715402849,-0.01655671658673461,0.07140425552519816,-0.00899742618874596,0.29218959358469165,0.04095209638569354,0.043567330991972714,0.04109053378872386,0.05540197603521902,1133.3477510818855,1034.2278379540394,1122.566701680641,788.1512239470968,0.00018015473015227016,0.0001850412997400488,0.00018233722660268578,0.00020380467951253178,0.01342217307861399,0.013602988632651606,0.013503230228455922,0.014276017634919473,melanoma
123,7.7704072231436525,8.150914026698846,6.820637666831233,7.623480773062664,0.5708716097174441,0.5354869427919845,0.6680930331130087,0.5840255601305996,0.14580193064951225,0.13871000527744312,0.16437078523822987,0.14903937824791322,119.09329893741388,129.19664026699127,94.00491843795994,115.74452082088534,0.0009328981909867463,0.000893124280627699,0.0010399521603877998,0.0009547176255483988,0.030543382114408126,0.029885184968939025,0.03224828926296401,0.030898505231619196,melanoma
124,3.3938666743766825,4.305497986157245,4.127801120448114,4.00974660775033,0.8902687554535166,0.8211046557110724,0.8385993687518551,0.8456193438680173,0.260123690251753,0.22100863927635495,0.22405157218635222,0.22951089013637435,19.76859320939475,32.45375982481506,29.704267818238296,28.008671254838916,0.002194360549887858,0.0018024175232264918,0.0018539679548895047,0.0018993009896815262,0.04684400228298024,0.04245488809579519,0.04305772816684021,0.04358097049953714,melanoma
125,3.82222607723519,5.728219215578887,6.095481248054799,5.691344386657762,0.85930461296871,0.6954825686983948,0.6602425625056351,0.7017654834671831,0.23901218728749654,0.16829710258369032,0.15856664325104627,0.1688337513317441,25.42192153121134,55.05084464083152,61.49316254279505,53.91646463066482,0.0019188375226523917,0.0013141574126227396,0.001245769627219678,0.001322810270063211,0.04380453769476847,0.036251309115985585,0.03529546185021069,0.036370458755193215,melanoma
126,2.254098686038663,2.404154597146231,2.078967663014572,2.3038702928870287,0.8190422938335612,0.8028708876088154,0.8600895267712448,0.8132590859915166,0.3775241232503576,0.3560075924472268,0.3828699693466659,0.37053471388280607,10.07133500059544,10.998752816221437,7.896673226252533,10.417243321532014,0.007496655920723928,0.00690439066490353,0.007610428510735278,0.007309641172174728,0.08658323117511801,0.08309266312318754,0.08723776997800481,0.08549643952922675,melanoma
127,2.30864197530864,2.4514685778201253,2.0661319902553865,2.2668572296560296,0.7989756704052565,0.7826080616028797,0.8547144722184757,0.8061236313236757,0.37195283390643535,0.3511940581105873,0.38361959495265946,0.3745075242340018,10.580028888343792,11.458994435008409,7.734842471190449,10.215709018600652,0.00791899088974492,0.0073802541767317145,0.008289244273640707,0.008015909202502515,0.08898871214791751,0.08590840573966971,0.0910452869380986,0.0895316100743336,melanoma
128,2.7105559892445137,2.585793610448518,2.17333877995643,2.7431666210456247,0.7437728628034609,0.7780957883966547,0.8492740677745471,0.7354900012855108,0.3357949897232866,0.33695943752032953,0.37383420926473265,0.3363118429921384,14.649550409113255,12.710045751378408,8.679407874260832,15.147753490008935,0.007228108622322541,0.0072463825097176925,0.008251561156491758,0.0072380560679098215,0.08501828404715389,0.08512568654476563,0.0908381041000513,0.08507676573489276,melanoma
129,2.934339491716545,2.7354925116333533,2.3098155929038326,2.984514918077657,0.7219891336933896,0.7693231244875353,0.8427250513093951,0.7127072147856599,0.3225856350967712,0.3275836119875675,0.3587080843901902,0.31862656054939953,17.422307032507426,14.389756774723269,9.78604497354497,17.921342822508137,0.006577640759617672,0.006701437607957768,0.007503732106268424,0.006507871465340277,0.08110265568782364,0.08186230883598243,0.08662408502413416,0.08067137946843525,melanoma
130,4.838253293626727,5.762190591639563,4.996605586679065,4.646648809290996,0.5929278717728026,0.44672488174004565,0.5699810827543584,0.6138163991446223,0.19745299065274324,0.1659424843225793,0.19151527051937098,0.20942345039467755,40.71917194321585,55.437316701207905,43.224527310924124,38.675096781761674,0.0022106442095727176,0.0019046789870769167,0.002129374987028818,0.002293736412556212,0.04701748833756135,0.04364262809544032,0.04614515128406037,0.047892968299701494,melanoma
131,3.283382002871989,4.3480330817658945,4.146280734516025,3.6631701403824155,0.7224742614361687,0.4895383442364896,0.5368073521958042,0.6390372932898684,0.27704722511876434,0.2294560097420408,0.23550667116793939,0.25684391602854834,19.674607993369488,36.24397802369654,32.7710278555867,25.631163727368616,0.004542913583979364,0.0037499519058986383,0.00386911896430686,0.004239476488830268,0.06740113933739818,0.061236850881627135,0.06220224243792871,0.06511126238086824,melanoma
132,3.6868266122826503,3.1147584033613582,2.384047409924038,3.7012138188608437,0.8816381518459505,0.9152325035434117,0.9502671669643317,0.8797781610868428,0.23854059193907529,0.2747152995388653,0.3356311309249013,0.2393718314354969,22.709452439587942,16.28951719576718,9.612149758220966,23.10992452536559,0.0018915946119056988,0.002197078913643028,0.002753754911873476,0.001862807927652398,0.04349246615111287,0.046873008369882,0.05247623187571184,0.04316025866062897,melanoma
133,2.4695018808856517,2.8032833032640934,2.422338724009252,2.4767187440021314,0.7989638937954184,0.7275323087989098,0.7984966245625864,0.7920809668949633,0.33120610715233434,0.30971403775566086,0.3428802619869242,0.3336594866256287,10.560188341033559,14.220298644965625,10.581545609180255,10.843230586157892,0.0058108491359664,0.005338607273199437,0.0060416402527330715,0.005887972803021343,0.07622892584817394,0.0730657736098061,0.0777279888632986,0.07673312715523421,melanoma
134,1.7663784461152763,1.67651555691459,1.8150902755781033,2.104884947633955,0.9226148637404723,0.9302582021541788,0.9193649657318611,0.8908709504717398,0.42476722724875887,0.4355561824059037,0.4149365574592585,0.3820827409327061,5.948984962406035,5.32180261447896,6.140006335128372,8.32387941798531,0.006190705224841738,0.006536821072091976,0.006063801223460524,0.005324404965480173,0.07868103472147363,0.0808506095962917,0.07787041301714358,0.07296852037337863,melanoma
135,2.3998771574227735,2.5707187686790234,2.2584775086505187,2.45782277346085,0.8173916704851764,0.7916405133424123,0.8446526427564904,0.8093735658414832,0.33740330368262406,0.3197346626765062,0.34918670394680373,0.33010309909841673,9.85789570665195,11.267969216975507,8.611542263964388,10.295888125124542,0.005584047209154699,0.005242792973719206,0.005797880036402896,0.00547547110380833,0.07472648264942422,0.07240713344498045,0.07614381154370259,0.07399642629079009,melanoma
136,1.4492053854531093,1.9951218081570388,1.998774509803921,1.8027118445235184,0.8741292852863819,0.7580632629078782,0.754116737157629,0.8015943975630221,0.47154856472676726,0.39052979012099326,0.3924114430638144,0.41638643837227096,3.637060167114812,6.947258827669808,7.035928260192962,5.696486528760799,0.013229411643342398,0.010373888618180794,0.010448327615359857,0.011343965200794889,0.1150191794586555,0.10185228823242409,0.10221706127335034,0.10650805228148193,melanoma
137,2.505814817172804,2.561328074485972,1.763183290085997,2.1574852364326067,0.86385256994563,0.8571648886121697,0.9407657216414793,0.9063544814268036,0.35389887024013056,0.3516439583307964,0.425304691286868,0.37993567858813443,12.597960569597388,13.35756929177985,5.661812957045755,8.757812836760218,0.004632924360650212,0.004605412836839006,0.006051032514329507,0.00514827667469797,0.06806558866747728,0.06786319206196394,0.07778838290085163,0.0717514924910832,melanoma
138,1.5630710285882705,1.571095008051531,1.493849882256111,1.690775247296985,0.8654951042841582,0.8624394842890265,0.8765685563182749,0.8407980746584358,0.44651941032501674,0.44580030622312034,0.4593339763200347,0.4252348641849528,4.127989752658194,4.196698872785829,3.7895585175701325,4.856820795951231,0.010616722564504426,0.010645195272286917,0.011070941030482563,0.010012208007352088,0.10303748135753527,0.1031755555947576,0.10521853938580673,0.10006102141869275,melanoma
139,2.3001499426689835,2.2969094922737296,1.9412060450122728,2.376439353260543,0.8596139036369056,0.8583501094652468,0.9027746210795868,0.8525578948453474,0.35360522038638914,0.35834107176480784,0.39383774835713126,0.3441959378201002,9.22115073648314,9.352753415667317,6.5359477124182925,9.744168009068666,0.005877804738116378,0.005932219124808169,0.006728072684500357,0.005659370437816308,0.07666684249476026,0.07702090057126162,0.08202482968284883,0.07522878729460092,melanoma
140,5.121307620396916,4.626158448363461,2.6141553843759975,4.761281429632748,0.8849480979101471,0.9056404983427431,0.9717456576505246,0.9008281844349688,0.20057807169807648,0.21880671577820124,0.3188777618407047,0.210828863215913,47.893698017560276,39.51332460016387,11.915198023653915,41.52779298478806,0.0011943104512709556,0.0013013057826415698,0.00207741932973563,0.001269202033451434,0.03455879701712656,0.036073616156986114,0.045578715753470174,0.03562586186257722,melanoma
141,2.208743326390381,2.449259169298019,2.6447079543535397,2.8803011901870077,0.9568060915104392,0.9442724622081692,0.9356058928295548,0.9278604292291993,0.3700313900361486,0.35241624600942234,0.33742197898082554,0.3039098557006147,8.878474466709742,11.455647316006731,13.45285772877509,14.835001214476483,0.003021569257892861,0.002781854729015947,0.002582114457493884,0.0023432842927088335,0.054968802587402804,0.05274329084363192,0.05081451030457623,0.048407481784418754,melanoma
142,25.175089216638412,26.123435044858905,25.742262849082593,24.18249784581193,0.2473814067809395,0.17145639958403586,0.1812230144968115,0.2713075670673301,0.04421494883106071,0.044612455426204525,0.046161862736141125,0.0485922437173168,1085.305133388164,1195.5028004461092,1184.2095641005396,1051.4281261088167,0.0001564914622630192,0.0001538124199868391,0.00015600360865921043,0.0001588601620178234,0.01250965476194364,0.012402113529025571,0.012490140457945637,0.012603974056535638,melanoma
143,10.349167544255918,12.111887755102414,10.170194406375664,8.239630102041007,0.5323820915757395,0.3882409458646706,0.5807796904026149,0.7016949463088522,0.10671793358465577,0.08997215532129631,0.1084710442813472,0.12828471577819095,222.14920264781918,288.20964285715235,197.36937211309595,140.53723214285995,0.0006076510248385562,0.0005400936458767294,0.0006099197346042019,0.000721133609693894,0.024650578590340557,0.02323991492834536,0.024696553091559194,0.02685393099145624,melanoma
144,21.44029978065077,20.292458902751154,22.467417251135835,22.730676866704428,0.2872075566725119,0.3420778501174019,0.2187874389142809,0.20596308501451194,0.0532187755727208,0.05797626630173071,0.0504958617247143,0.049824167878297014,796.7638922740329,729.5661517131443,865.0304786513326,880.4482694592218,0.00018607099814439023,0.0001972350934598138,0.00018183921606616126,0.00018026174496078574,0.013640784366904649,0.014044041208278115,0.013484777197497973,0.013426158980169486,melanoma
145,17.805440839067742,19.521058003815998,18.76733252400575,19.597368304264347,0.41192832048425154,0.30927434974857243,0.34936573941566385,0.30864256543761953,0.06568645042066419,0.059990435619912436,0.06310912355291537,0.05801650394566286,578.6248443133034,673.1988860781998,632.8670124710877,674.0185727599496,0.0002340703207949367,0.00021770912811754285,0.00022618685423174848,0.00021616957338243994,0.015299356875206772,0.014754969607476081,0.015039509773651151,0.014702706328511086,melanoma
146,16.619007217115637,17.1816744104868,16.821554521090427,16.747376916867463,0.4402123129037136,0.4022045852355739,0.4329499797350185,0.43848052389263614,0.07204182203644573,0.06967349864314194,0.06969996679633732,0.0701748323056074,521.4860705387296,548.9651746176805,517.9804464121412,515.5961433588195,0.0002578742316143531,0.0002516159683196362,0.00025443291239484904,0.0002560395435007365,0.016058462928137084,0.01586240739357164,0.01595095333811898,0.016001235686681718,melanoma
147,15.912635768739097,16.36696906893853,16.541024743230203,15.812565987563733,0.5734985351525931,0.5528779598928669,0.5417642944324832,0.5695219977129463,0.07371061931209859,0.07037693367448125,0.0696174889310956,0.07591581370584115,479.2456607010678,497.89780236965345,508.4885426392689,479.5165897626077,0.00024019218880101027,0.00023480518113618042,0.0002328452619095336,0.00024468934849060175,0.015498135010413682,0.01532335410855536,0.015259268065983165,0.015642549296409514,melanoma
148,24.6301742919368,27.477938144329332,27.750846067074534,26.927435567009788,0.3188288956711058,0.18231335997439763,0.1591111011728199,0.20046678100196724,0.04866044049991659,0.041095448722456414,0.040186244547180276,0.042499539762813635,1080.317664791917,1286.5453350515704,1320.1516254745147,1258.4345231959016,0.00014676573151665816,0.00013689809955889137,0.0001367134899433211,0.0001397172919544682,0.012114690731366532,0.011700346129875448,0.01169245440202018,0.011820206933656796,melanoma
149,20.572912751420887,22.073114222028906,21.603505291004613,20.801098815154553,0.39233955707652474,0.32508297422302823,0.3460854345554507,0.40802016859143037,0.06135184820270081,0.05283473467316517,0.055432241402700685,0.05824237315315404,831.5424099614315,918.9954737417723,889.4439192343332,806.2040042231476,0.0001856415503624833,0.00017367266041316213,0.00017762874220433422,0.00018169242156949823,0.013625033958213949,0.013178492342190063,0.013327743327523013,0.013479333127773727,melanoma
150,20.933722689643968,23.68838227818244,23.602649393089887,23.20723028193637,0.33319129460129027,0.19166427425370836,0.18480440491232725,0.20233761820321053,0.05837676166646506,0.0468923393847394,0.047971812730224904,0.05027097741700668,790.6793303843001,950.3903140029993,956.0706893868287,937.7905408046987,0.00018660956688832097,0.0001691047529343865,0.00017057703618846674,0.00017270368717368806,0.013660511223534826,0.013004028334880945,0.013060514392184816,0.01314167748705195,melanoma
151,28.442083249009446,29.453593633905733,31.747996420791107,31.71522699721817,0.35492243176535093,0.30460297373083683,0.2090683560256891,0.2134113075807558,0.04151903042141232,0.042332244299535984,0.03697255631884947,0.03687086316100646,1445.4790431860404,1546.8918488246763,1754.2452147525703,1749.3992296559716,9.691501510250416e-05,9.566362481099334e-05,9.05536128152635e-05,9.019851634866292e-05,0.009844542401884617,0.009780778333598679,0.009515966205029498,0.009497289947593624,melanoma
152,22.57611241217373,21.68792873256231,23.57766089108699,23.32756318769762,0.2933028348354817,0.35394769734434833,0.23432026138620693,0.24664071251194555,0.05876616384472544,0.05915019423982526,0.053833355102507134,0.05495038663355576,1059.9697699938074,956.3345380046696,1130.3518862301287,1115.027438883995,0.00020112592716243507,0.00020724358777983386,0.00019515914489472041,0.00019674030373266274,0.014181887291980397,0.0143959573415537,0.013969937182919629,0.01402641450024427,melanoma
153,20.72346064513817,19.8337015602374,19.04738562091465,20.612677433228292,0.32562228243370017,0.37331183091163567,0.4276466751495495,0.32444152397130405,0.06565232803853183,0.06924528958123045,0.07070165252238313,0.06535044398860552,915.9154499282752,844.3738219996962,767.551353874872,910.2591600515442,0.00022348206127136792,0.00023496420781242075,0.00023965404214215154,0.00022730655727886794,0.01494931641485215,0.015328542259863485,0.015480763616248118,0.015076689201508,melanoma
154,19.189811200741367,19.182849098657346,19.485653983815073,19.072390802798356,0.3151080295580758,0.31119879504451836,0.2899715913967598,0.31566738407546646,0.06266850457857945,0.06201885707082087,0.06189140579276193,0.06295770587221595,673.5081967213584,672.2458452273506,691.7163573762571,667.9863234661154,0.00026177931956714143,0.00026391251031803885,0.00026134448612711436,0.000265510613731645,0.016179595778854965,0.01624538427732748,0.016166152483727055,0.01629449642461052,melanoma
155,25.04661674425041,25.5574825010734,24.986373716152027,25.368572322369435,0.07332467525705164,0.04337701246873278,0.07078448189865345,0.04571511925928902,0.04481396402340856,0.04280457180880819,0.04486568889113789,0.044606436899904046,1055.2362448319443,1088.6462675477346,1056.8024918300193,1085.9346576466692,0.00018573591850585592,0.0001843593199553634,0.00018691403160451606,0.00018650283517266807,0.013628496560730972,0.013577898215679899,0.01367165065398162,0.013656604086399666,melanoma
156,27.037367101201482,26.767723330805733,28.197869532429785,27.441557211415347,0.18462822737851867,0.18535892979821195,0.11351392067443497,0.15846180079797534,0.04569098214054403,0.046676239007988826,0.04307438802017806,0.044001040387454296,1263.6792605334986,1255.2961395974407,1364.3076189878116,1297.0250589373295,0.00016318113360684077,0.00016699371704701036,0.0001610776916433558,0.00016367588735743857,0.012774237104690079,0.01292260488628397,0.012691638650834485,0.012793587743765959,melanoma
157,14.871603952909133,14.196741774420062,15.171317533129296,15.836149874108438,0.2524596553013544,0.3028383543849596,0.2218901471662315,0.16068237397115148,0.07208100714624216,0.07588255821193268,0.06946632593764242,0.0670372417643466,377.17825899748675,349.23154312292655,389.37856778796805,420.44742457215995,0.00040311451887381337,0.0004229994366346709,0.000404002980419575,0.0003945975055623688,0.020077711992998938,0.020566950105318747,0.02009982538281303,0.019864478487047397,melanoma
158,12.979337130521763,17.263774293199145,17.422628773731443,16.871417119617615,0.3815509009248535,-0.018389817200808893,-0.03331103370870284,0.012126003708966831,0.0828616418776667,0.05828900887243246,0.05745352499327471,0.06080511289696102,296.9949692081008,486.8566065772284,493.3529703548033,472.20002541741223,0.0004556479422558964,0.0003967017919335173,0.0003976369657036986,0.0003991358844399649,0.021345911605173868,0.019917374122446898,0.01994083663499851,0.019978385431259578,melanoma
159,20.854145584566023,20.965090134124342,21.22339908185404,20.30724787862025,0.3750927265448721,0.35808648411874733,0.3450783992051549,0.3922500441697746,0.055594735048941725,0.05631726377268123,0.054268198438153566,0.05756017293202624,753.5489731209782,766.8136022366779,779.5767487550245,725.9847397645458,0.0001733847446854456,0.00017485881401428785,0.000172734468772366,0.0001798328893861306,0.013167564113587812,0.013223419149913075,0.01314284857907014,0.013410178573983666,melanoma
160,23.094293617064086,25.014282641846705,24.274402816681512,22.759218707228207,0.25648933214923725,0.16397550036401073,0.22391970751202908,0.2745741574903763,0.05360271205334481,0.04634079456134162,0.047755848119668966,0.054398494578223794,983.9808887733227,1104.8630293668343,1025.9405248210078,958.6225315762047,0.00017808986972376475,0.00016747449058054055,0.00017008825210669366,0.00018050961288043594,0.013345031649410382,0.012941193553167364,0.013041788685095831,0.013435386592146723,melanoma
161,14.53544202542445,13.880870449301323,14.726355820105569,13.695117897782234,0.14470812948469217,0.20443078860034808,0.11794486953376411,0.2199176519663624,0.07549288992179426,0.07977421266862002,0.07508416811222744,0.08416000422850065,374.0343481655149,347.3628240722499,384.34040421723637,340.6266081413852,0.0004909626192170137,0.0005117340344621483,0.0004936287862397139,0.000517608034531654,0.02215767630454542,0.02262153917093504,0.02221775835316682,0.022751000736927023,melanoma
162,26.281301082658153,22.92234481596784,24.060699588474726,27.08136107133637,0.03842270232855795,0.2383270365510258,0.1669520653738443,-0.005787881799818021,0.04197438464755941,0.05096952741655362,0.049448848377159474,0.04044079593961588,1138.3752339438472,903.4544524791684,987.5800794333609,1192.939189758187,0.00018067631749345723,0.00019688434942157507,0.00019075193413305955,0.0001783775609336736,0.013441589098520206,0.014031548361516454,0.013811297337073716,0.013355806262958205,melanoma
163,19.19952677747062,19.147309711285914,18.87520819987296,19.172759655042945,0.10031873704729594,0.105816581774114,0.12758260131174365,0.1041741409284961,0.057706077458243514,0.05725248947359277,0.057690022643847226,0.05758291587087275,625.4254501385208,621.072272216014,605.2551045367493,622.1393185227201,0.00028437700093530575,0.00028557313350457703,0.00028712701608109943,0.0002842365688629143,0.016863481281612813,0.016898909240083426,0.01694482269252468,0.01685931697498194,melanoma
164,24.785169765135095,24.83344738591308,18.80436896980939,24.8073847417181,0.16168329906011653,0.17301343446752446,0.46880258784113377,0.164529122181077,0.043370192816892514,0.04549350141247063,0.06645142204317712,0.04449333802826196,1069.1138288953239,1056.3998846439079,679.5396241829786,1067.0701227857028,0.00018678144508646786,0.0001851051875604085,0.00023892271066618817,0.00018590046429503094,0.013666800835838206,0.013605336730871768,0.015457124915914607,0.01363453205266066,normal
165,16.575384518006146,17.02426476892384,18.03783708824222,18.678856211948958,0.5068902110154078,0.4646235038734209,0.4039579615346339,0.38203513690230084,0.0764432876201548,0.07719007301792323,0.07431684063510521,0.0683585929776347,560.8172563663945,600.6786847293606,665.7775324288237,693.2077081367149,0.00023688689201338298,0.00023874337276241493,0.00022923985198437536,0.00021706299341037145,0.015391130303307259,0.015451322686502116,0.01514066880901816,0.014733057843176054,normal
166,19.63084395871409,20.972099479918775,19.338964752567083,20.980643647595716,0.22296747458981905,0.12957229544322174,0.24897590570678535,0.12765343814241636,0.060041645619861514,0.054952906340298056,0.059517855131080766,0.05475569965145659,698.9504341708827,779.7279161615286,672.1862258792147,781.352148750588,0.000251421533452473,0.0002417534713906147,0.00025540183847679737,0.0002423080578102483,0.01585627741471727,0.015548423437461906,0.015981296520520397,0.015566247390114559,normal
167,17.40503633754513,16.530039943608358,17.672482249626594,17.25093984962338,0.07476687085429884,0.1496134183624736,0.04773483198319015,0.08624391375762329,0.07163186742627681,0.07464855815982138,0.06915761157386345,0.07185561020417101,550.1369254270045,505.4992598683978,564.6483791106167,543.03355263156,0.0004554335920514815,0.0004769475297368695,0.00045170708213777746,0.0004593293518173365,0.021340890141966468,0.021839128410650218,0.02125340166038786,0.021431970320466023,normal
168,2.260048802129562,2.262109031952993,2.4445452001119237,2.681472224098725,0.9286478613419815,0.9319190059392781,0.918992975003396,0.8980562146564909,0.36457611679593743,0.35556779649931636,0.34466403849526883,0.3291904911102496,9.654658385093214,9.1121619491545,10.949129582983394,13.639611340043796,0.0036017454354046454,0.0035623761821295045,0.00335391180973007,0.003119167431994076,0.06001454353241925,0.0596856446905745,0.05791296754380723,0.055849506998666296,normal
169,21.660178170594993,21.701601337016097,21.75758538709514,22.257541455782945,0.04734155194177522,0.03289444526598547,0.023734747010789852,-0.0009179094295121147,0.05465602280553401,0.05548179546760666,0.054735788794072,0.0527439801838325,801.9369037598394,814.3184538978551,820.2264552879694,842.8733509547699,0.00030399537778825326,0.0003082696016041951,0.0003065832105947556,0.00029831103396753283,0.017435463222646344,0.017557608083226914,0.01750951771451046,0.017271683009120242,normal
170,9.627885993967787,9.965043037466813,9.077172381985255,10.434276895280055,0.7257260725400073,0.7036175326959309,0.7408464146307084,0.6800952859002187,0.11734182453279833,0.11266026837777293,0.12547737484840019,0.10415334240992238,169.72898848073322,182.63534844036698,159.63671266344875,197.05823232703986,0.00046816859047294656,0.0004550025350692719,0.000506889294200798,0.00043718278111958177,0.02163720385061218,0.021330788430559054,0.022514202055609212,0.020908916306676007,normal
171,31.449378861039285,30.599743870484595,29.843438764395035,29.62245336878371,0.07804506190029689,0.12336245873143553,0.1549234049965251,0.18533431609686293,0.041544931953748684,0.04274511698345883,0.043224973904890496,0.04248957235725782,1946.9844642979363,1857.536239392865,1810.3159138655485,1726.9002463533839,0.00017168379605392165,0.00017559760951954158,0.00017715244496189012,0.00017528247101898214,0.013102816340539985,0.01325132482129774,0.013309862695080296,0.013239428651531082,normal
172,8.849346093426588,8.65880029718807,8.836931995020413,8.735981308410874,0.6403056046539755,0.6509654432559637,0.6412336053580049,0.64399553333252,0.12793343259298234,0.12970116895558423,0.12774885463200472,0.1302497950449371,160.06776149035517,154.56526414577252,159.60642312480553,157.75402768544367,0.0006625983023789729,0.0006722324720181619,0.0006627169560331805,0.0006834686050429984,0.025740984875854554,0.02592744630730458,0.025743289534035478,0.026143232490321435,normal
173,5.915727716817659,6.306703729557085,6.439324116743283,7.1106900678099505,0.7468609664064306,0.7127311076730795,0.6907516779244741,0.633240696861957,0.17758183716018117,0.16750748568226242,0.17175048143390706,0.15326445965144586,65.91410756805948,74.02279866374028,79.5240572815993,94.4915486637395,0.0012269202994212667,0.0011600370416264343,0.0011567105975692435,0.0010521880912841182,0.03502742210641923,0.03405931651731189,0.03401044835883884,0.032437448902219765,normal
174,10.930317878211483,13.584679817603554,11.65214926550272,9.289304123710393,0.6597796952297021,0.47813148539128086,0.605937570692017,0.75584310826516,0.09717664079882946,0.07759886844972004,0.09202760626135464,0.11271081822984944,208.57533762370866,318.6740434178887,240.12959676623203,149.0652260110879,0.00043744215801600443,0.0003685877496703694,0.00041930358045964427,0.0004948234905599413,0.020915117929765647,0.01919863926611387,0.020476903585738844,0.022244628352929192,normal
175,23.414435210836743,24.430848214285646,25.042489899215322,24.79699776785721,0.2717745072919641,0.19671133848320999,0.1597791814674587,0.17685986369390694,0.04768070615727976,0.04569103871090902,0.04407143249799061,0.044498327227368975,924.2936288089539,1012.2166294642917,1056.5360520357576,1037.0107254464406,0.00016594004351707376,0.00016425849758850485,0.00016116650845758788,0.00016161044373805958,0.012881771753802881,0.012816337136190856,0.01269513719727313,0.012712609635242466,normal
176,3.453908501267333,3.3490204512571697,3.215725178960473,3.3734309623430896,0.7789412605726856,0.7884005922340417,0.8050891372325054,0.784768278812565,0.24957493248438292,0.25695285190273714,0.2663626961354231,0.2567923701008835,19.624569925116425,18.584346771986052,17.210628695922786,18.89675634458216,0.002965322599377607,0.0030878088354820417,0.0031940123203420844,0.003048136649341472,0.05445477572607941,0.055568055890790724,0.05651559360337715,0.05520993252433363,normal
177,25.354954367670793,26.740301724136433,26.641626347510755,26.69261053260344,0.10052309528553109,0.02639450053364237,0.037920200060235686,0.036792703224273596,0.049400963507097606,0.04619853361111468,0.04450371321461414,0.04505344162290483,1129.5432876311238,1224.874093120461,1209.5966598761652,1211.727093291168,0.00021964905699329266,0.0002089914582600354,0.00020850124651672984,0.00020604732819934593,0.014820561966177013,0.014456536869528448,0.014439572241473424,0.014354348755667946,normal
178,4.091903509025584,4.3309251945410905,5.262099284158118,5.628006100183771,0.7705176520840794,0.7413922921228805,0.6271230793264961,0.5790236570555686,0.2158813875259004,0.2081913874321756,0.17187948261378244,0.16004376853519395,27.484912443018292,30.81821647831664,44.4218020541551,50.1378211394829,0.0022800937294977022,0.0021767590080954704,0.001845776872083851,0.0017472380858509736,0.0477503270093274,0.04665575000035334,0.04296250542140031,0.04179997710347427,normal
179,11.700813755085301,12.26874555792417,14.348350968652918,14.517301883439524,0.3751948590994009,0.3304244424636291,0.12754709897551797,0.11249557153891174,0.09736148254642162,0.09065412484362788,0.07307812011151033,0.07089824635571738,255.80839567745892,272.92439587774646,354.85432636017356,361.878642501766,0.0005822087448716003,0.0005582622010304153,0.0005046800258873191,0.0005000551076225564,0.024129002152422308,0.023627572897579118,0.022465084595596766,0.022361911984947896,normal
180,4.726450046844416,4.167973813845004,4.511370350080032,5.2631470918676495,0.7726408121637562,0.8189767453121602,0.7886297978935276,0.7134599725182167,0.20291526318650283,0.2248337497073285,0.21175074789030468,0.18596195805008384,40.2013031257988,31.768699766658347,37.09734351669826,50.31139270590284,0.001721000060565389,0.0019106027503606952,0.00179757059505823,0.0015922902119951362,0.04148493775535151,0.04371044212039836,0.042397766392325786,0.039903511274011164,normal
181,22.281088270161074,24.725931646656573,24.275453236849383,22.88555312243168,0.3289278225843833,0.1886591699657831,0.19910147274472384,0.2750044626223195,0.04983136167605872,0.044714090927811916,0.04668477398700323,0.050619007579123354,867.5194340841657,1041.8259981229567,1024.8477571583858,931.184188401765,0.00016673638823805725,0.00015706005909560495,0.00016096850792482803,0.00016693366608480523,0.012912644509861536,0.012532360475808416,0.012687336518151791,0.012920281192172454,normal
182,22.819383005177603,22.162906190119774,22.061974789916505,21.839215187890993,0.12299242036049424,0.16266288315970456,0.16378456909526387,0.17878944747721695,0.05755820251103951,0.05947739121196915,0.061057941691778035,0.06148522008689141,999.4213818295104,948.0616079457957,944.7777972300107,929.50352911264,0.0002600888666051308,0.0002672794510136962,0.00027052959702090037,0.00027148443553390924,0.016127270897617205,0.016348683464233328,0.016447783954712573,0.01647678474502563,normal
183,32.68861132795761,32.79976928791929,29.591561624647962,31.552819379813727,0.08599566006872299,0.07762564959296332,0.21528050946547006,0.13663873526744086,0.03598390560385699,0.03498647832784363,0.04243548299451918,0.037115336962743016,1706.5638052833995,1717.379247643919,1458.0745409273788,1607.5547354631235,0.00011400814168644252,0.00011432422021432915,0.00012158066521814989,0.00011576267575373294,0.010677459514624371,0.010692250474728375,0.011026362284005994,0.010759306471782136,normal
184,20.903971627105634,24.17471552027373,24.126546451913068,22.850535721267505,0.36640093929377926,0.19423761575332074,0.19416715021735398,0.26771153958791644,0.061578561518115325,0.05080754902856976,0.05043624248839392,0.05387632724608914,797.3823787357932,1009.0816681655955,1007.5504104419119,916.7732080709802,0.00019098927973144775,0.00016960309704694694,0.00017039933522124256,0.00017664045753110815,0.013819887109938624,0.013023175382637944,0.013053709634477188,0.013290615393243013,normal
185,7.505247636395394,9.81787432057215,9.67253151260488,8.795428772533276,0.840216681750827,0.7322335731078815,0.7392716741536999,0.7822548321123899,0.13239384682410887,0.10223760487236669,0.10469227861479852,0.11388725055261312,96.462755756019,160.9099049779012,156.72898187052456,130.8416102921002,0.000565301217042454,0.0004503766878642064,0.00045655039392600327,0.0004936175128977222,0.023776063951849852,0.02122208019644178,0.021367039896204698,0.02221750465056151,normal
186,7.532945904530789,9.787050795760816,10.282319872393296,10.065889805654097,0.6752320054744132,0.4623140104247683,0.4173137063169118,0.4350258268238046,0.1399075568224383,0.10882668818285,0.10088030228012276,0.10624630643197633,104.59392257206727,169.44872521799826,183.07480353252177,178.13256168614836,0.0008461766641894909,0.0006771122208699032,0.000649841511132389,0.0006637655439038022,0.0290891159059448,0.026021380072354026,0.02549198915605428,0.02576364772123315,normal
187,14.269330480624257,14.80080553708923,14.920683551198021,12.430395338833426,0.30158055063381706,0.24632354423802377,0.22901795295942476,0.4443473028746447,0.07585440523960163,0.07143145792542457,0.06996503619936736,0.08774262243888822,352.8707510529139,376.5830172447331,383.5308025988077,277.6404606420728,0.000401784027112684,0.00039618270936616896,0.0003972379544288839,0.0004523994517561181,0.020044551057898104,0.01990433895828166,0.0199308292458915,0.021269683865918602,normal
188,1.8671273407156834,1.8682301646267536,2.0074015717398077,2.231846087670588,0.8996547463332856,0.8993471948102782,0.8836629997638863,0.857445262084896,0.4042529490520925,0.4051234301171897,0.3885508406319999,0.358526878008084,6.036478060157488,6.079703202596475,7.091960395269221,8.613537715559346,0.006477110172140122,0.006483419775902073,0.006057311741720392,0.005488430957243532,0.08048049560073622,0.0805196856420967,0.07782873339403894,0.07408394534069802,normal
189,10.326789448829954,11.128680639736803,11.062412464985858,10.119696554959884,0.19791942910409707,0.09109232145461478,0.1074467061360267,0.21279981755580213,0.11266591430755162,0.10007157594067007,0.09878647366970905,0.11637252679724411,206.2735517198245,233.04271106244119,228.589314892622,201.83543190082486,0.0010216577563119556,0.0009759269293768409,0.0009727867919589566,0.001041574794674737,0.031963381490573796,0.031239829214911544,0.0311895301657296,0.032273437912232666,normal
190,6.3565115987702905,6.344503969029756,6.6732220666044775,6.190963125171017,0.6033321815780407,0.6052013845146494,0.5559500206995573,0.6152316129880939,0.14913675481842104,0.1466946128256487,0.14168860994331606,0.1537696536639117,67.0029201723198,65.63555312243308,73.52729147214455,63.98484729988585,0.0012550898051413508,0.0012580887064836722,0.00121937400974065,0.0012956885284649312,0.035427246649173155,0.035469546183785214,0.034919536218865364,0.03599567374650642,normal
191,3.1081523886624125,3.097338990341363,2.6616771708683613,3.1941891839048817,0.8840495798428215,0.8838839943018623,0.9144491942046309,0.8753525947754651,0.28023479870643453,0.2787634302181859,0.31273295648745275,0.2751813978591833,16.66426692109766,16.38553357056266,12.041481870526024,17.589840847769075,0.0025669534265713007,0.0025911147202554714,0.0029680798483609086,0.0025194808481184077,0.05066511054533781,0.05090299323473494,0.05448008671396282,0.05019443044918836,normal
192,17.009319493837587,16.31942869432518,16.975879240584742,14.676700035192729,0.14132938085740018,0.19524107622255402,0.14077468351144767,0.3259932923695994,0.06356130682482054,0.06707537050468602,0.06403838199866892,0.07706068709421308,488.9744316265493,455.8114515308883,485.33448101461784,381.7329312164998,0.00036602727812559086,0.0003778640595443716,0.0003681428620225158,0.00040660502528668067,0.019131839381658806,0.019438725769565544,0.01918704933079904,0.02016444954087963,normal
193,12.74827729108294,12.487222852226274,13.235731792717269,13.522386892424924,0.22903516341401148,0.27204994095182455,0.1966430545503425,0.1600325611554227,0.08797049680789702,0.08845804431958393,0.08607221244446082,0.08288268610734248,323.16803037751856,305.0665643451942,338.2345452069724,351.789621866798,0.000613370547366164,0.0006198052760705174,0.0006038201296313501,0.0005935450882501334,0.02476631880934597,0.02489588873831415,0.024572751771654515,0.024362780798794982,normal
194,13.009537522082136,12.41848253863009,14.339532871972136,14.59037242636359,0.5842866437205568,0.6212385104808429,0.49856155870000174,0.48243913747925166,0.08586640418597964,0.08925192025018037,0.0768665791521906,0.07553631253019034,313.134240112731,284.7485914909399,377.10007826660217,389.1024483201318,0.00035458815715492886,0.0003678787417531602,0.00032702189066478627,0.00032239298403754043,0.018830511335461098,0.01918016532131984,0.01808374658815994,0.01795530517806758,normal
195,12.4608186120031,13.220388691197215,12.8391203703701,12.613655026785475,0.32966262391053086,0.2561137496137909,0.2843049080189627,0.306995241476505,0.08678126936366083,0.08139816523002087,0.08676117161130933,0.08863725192005946,278.5291872669058,308.20799280490013,296.07297502333773,287.0176553396057,0.0005075175873140771,0.00048730728851105774,0.0005020254762065527,0.0005083360338687758,0.022528150996344042,0.022075037678587497,0.022405925024567782,0.022546308652832192,normal
196,6.22455450506469,6.460994017127306,4.834364301276123,5.359451374496402,0.602906302308616,0.5594159564740229,0.6987546418473247,0.6784280356779684,0.16213664299183314,0.1609106799081152,0.23705598949943726,0.19543709537068368,75.1260107362131,82.49214014780966,56.56781045751682,60.19257615453628,0.0013877380700771543,0.0013750464715321113,0.001987121129542962,0.0016630284434087153,0.0372523565707883,0.037081619052195,0.04457713684774923,0.04078024574973421,normal
197,8.14076579832529,9.625972705587435,10.268411531279318,10.364495757243448,0.7438063489515734,0.6159126858295662,0.5636946505915659,0.5701358590366169,0.15342391200039485,0.1373767966062768,0.1318908288274674,0.1267956667882799,148.13542660537937,220.69831462870104,250.28605469965655,247.09436710592087,0.000680810843199119,0.0006217512981228713,0.0006052895089892398,0.0005813163764635661,0.0260923521975141,0.024934941309793998,0.024602632155711304,0.02411050344691222,normal
198,6.088106321257625,5.592822508113871,3.75319989106757,5.633050482931082,0.7765545672694227,0.8012398224694284,0.8981528989842116,0.8032957660932162,0.16655731695579273,0.1839853298366749,0.26456989264383374,0.17733910377820114,65.89828548298664,57.77299300042897,29.633724323062765,57.18900793805826,0.0010610100151554286,0.0011664577554372445,0.0017120019568889965,0.0011344770512264825,0.03257314868346977,0.034153444269022774,0.04137634537859762,0.03368199891969719,normal
199,1.8001079403629483,1.9478844875454566,1.75858815748522,1.8317757009345748,0.9506704939306222,0.9432863854900326,0.9550775881713578,0.9502196327013412,0.4091762232242144,0.38643436601093206,0.41040669505336685,0.39995980614289117,5.529736606239323,6.362169084581397,5.105810379707431,5.583682008368197,0.004974927647036562,0.004583669946806444,0.004945042271931768,0.0048312451420695415,0.07053316699990553,0.06770280604824622,0.07032099453173118,0.06950715892675761,normal
